TargetPath,URL,TotalBytes,StartTime,EndTime,MimeType
C:\Users\Ученик-15\Downloads\roblox-2619508-androeed.store-0-1712828395.apk,https://androeed.ru/download/files/338292.php,179430626,2024-04-12T10:11:39.985403+05:00,2024-04-12T10:12:07.658629+05:00,application/vnd.android.package-archive
C:\Users\Ученик-15\Downloads\Национальный праздник Наурыз ролик.mp4,https://ru.savefrom.net/1-%D0%B1%D1%8B%D1%81%D1%82%D1%80%D1%8B%D0%B9-%D1%81%D0%BF%D0%BE%D1%81%D0%BE%D0%B1-%D1%81%D0%BA%D0%B0%D1%87%D0%B0%D1%82%D1%8C-%D1%81-youtube-165lr/,69086548,2024-03-11T12:17:26.418339+05:00,2024-03-11T12:17:34.881176+05:00,video/mp4
C:\Users\Ученик-15\Downloads\Национальный праздник Наурыз ролик (1).mp4,https://ru.savefrom.net/1-%D0%B1%D1%8B%D1%81%D1%82%D1%80%D1%8B%D0%B9-%D1%81%D0%BF%D0%BE%D1%81%D0%BE%D0%B1-%D1%81%D0%BA%D0%B0%D1%87%D0%B0%D1%82%D1%8C-%D1%81-youtube-165lr/,69086548,2024-03-11T12:17:32.583811+05:00,2024-03-11T12:17:40.504907+05:00,video/mp4
C:\Users\Ученик-15\Downloads\Воздействие человека на природу.mp4,https://ru.savefrom.net/1-%D0%B1%D1%8B%D1%81%D1%82%D1%80%D1%8B%D0%B9-%D1%81%D0%BF%D0%BE%D1%81%D0%BE%D0%B1-%D1%81%D0%BA%D0%B0%D1%87%D0%B0%D1%82%D1%8C-%D1%81-youtube-165lr/,53655321,2024-02-29T08:34:22.371382+05:00,2024-02-29T08:34:29.109387+05:00,video/mp4
C:\Users\Ученик-15\Downloads\Что за праздник Наурыз__Наурыз-праздник весны_Познавательный час.mp4,https://ru.savefrom.net/1-%D0%B1%D1%8B%D1%81%D1%82%D1%80%D1%8B%D0%B9-%D1%81%D0%BF%D0%BE%D1%81%D0%BE%D0%B1-%D1%81%D0%BA%D0%B0%D1%87%D0%B0%D1%82%D1%8C-%D1%81-youtube-165lr/,45770676,2024-03-11T09:20:40.30686+05:00,2024-03-11T09:20:45.835318+05:00,video/mp4
C:\Users\Ученик-15\Downloads\КРАСИВОЕ ПОЗДРАВЛЕНИЕ С 8 МАРТА. ПОЗДРАВЛЕНИЕ ЖЕНЩИНАМ НА 8 МАРТА 2018. С МЕЖДУНАРОДНЫМ ЖЕНСКИМ ДНЕМ.mp4,https://ru.savefrom.net/1-%D0%B1%D1%8B%D1%81%D1%82%D1%80%D1%8B%D0%B9-%D1%81%D0%BF%D0%BE%D1%81%D0%BE%D0%B1-%D1%81%D0%BA%D0%B0%D1%87%D0%B0%D1%82%D1%8C-%D1%81-youtube-165lr/,41222864,2024-03-07T10:26:48.976863+05:00,2024-03-07T10:26:54.494485+05:00,video/mp4
C:\Users\Ученик-15\Downloads\pexels-ventill-6178163 (1080p).mp4,https://www.pexels.com/ru-ru/search/videos/%D0%B2%D0%B8%D0%B4%D0%B5%D0%BE%20%D0%B7%D0%B8%D0%BC%D0%B0/,40152159,2024-01-22T08:22:17.854212+05:00,2024-01-22T08:24:02.996587+05:00,video/mp4
C:\Users\Ученик-15\Downloads\pexels-fearless-dreams-5598973 (2160p).mp4,https://www.pexels.com/ru-ru/search/videos/%D0%B2%D0%B8%D0%B4%D0%B5%D0%BE%20%D0%B7%D0%B8%D0%BC%D0%B0/,34022929,2024-01-22T08:35:08.09485+05:00,2024-01-22T08:36:00.615014+05:00,video/mp4
C:\Users\Ученик-15\Downloads\Разрушение экологической среды (1).mp4,https://ru.savefrom.net/1-%D0%B1%D1%8B%D1%81%D1%82%D1%80%D1%8B%D0%B9-%D1%81%D0%BF%D0%BE%D1%81%D0%BE%D0%B1-%D1%81%D0%BA%D0%B0%D1%87%D0%B0%D1%82%D1%8C-%D1%81-youtube-165lr/,32996325,2024-02-26T11:18:32.578439+05:00,2024-02-26T11:18:32.961614+05:00,video/mp4
C:\Users\Ученик-15\Downloads\Разрушение экологической среды (2).mp4,https://ru.savefrom.net/1-%D0%B1%D1%8B%D1%81%D1%82%D1%80%D1%8B%D0%B9-%D1%81%D0%BF%D0%BE%D1%81%D0%BE%D0%B1-%D1%81%D0%BA%D0%B0%D1%87%D0%B0%D1%82%D1%8C-%D1%81-youtube-165lr/,32996325,2024-02-26T11:19:47.355423+05:00,2024-02-26T11:19:47.704046+05:00,video/mp4
C:\Users\Ученик-15\Downloads\Разрушение экологической среды.mp4,https://ru.savefrom.net/1-%D0%B1%D1%8B%D1%81%D1%82%D1%80%D1%8B%D0%B9-%D1%81%D0%BF%D0%BE%D1%81%D0%BE%D0%B1-%D1%81%D0%BA%D0%B0%D1%87%D0%B0%D1%82%D1%8C-%D1%81-youtube-165lr/,32996325,2024-02-26T11:16:43.057056+05:00,2024-02-26T11:16:50.226541+05:00,video/mp4
C:\Users\Ученик-15\Downloads\python-3.12.2.exe,https://www.updatestar.com/en/postdownload/python/5407929,25320328,2024-04-03T03:58:34.926451+05:00,2024-04-03T03:58:38.638397+05:00,application/x-msdownload
C:\Users\Ученик-15\Downloads\dwagent.exe,https://www.dwservice.net/download/dwagent_x86.exe,13746912,2024-04-12T09:04:21.898933+05:00,2024-04-12T09:04:25.841513+05:00,application/x-msdownload
C:\Users\Ученик-15\Downloads\Yandex (1).exe,https://yandex.kz/project/browser/general/g/35?from=adwords_gdn&utm_source=google&utm_medium=gdn&utm_campaign=smart_gdn_kz&utm_content=695467540931&utm_term=pt%20token%20122%205%209906%20ru&campaignid=21150845699&adgroupid=160535432357&creative=695467540931&keyword=pt%20token%20122%205%209906%20ru&gad_source=5&gclid=EAIaIQobChMI6MKKn9e3iAMV6E4eAh0olCsuEAEYASAAEgIs8PD_BwE,12672944,2024-09-10T05:50:47.870192+05:00,2024-09-10T05:50:49.818817+05:00,application/x-msdownload
C:\Users\Ученик-15\Downloads\videoplayback (1).mp4,"https://rr1---sn-8ph2xajvh-n8vs.googlevideo.com/videoplayback?expire=1709310233&ei=uazhZeeKKpnA_9EPopGuiA0&ip=186.179.14.39&id=o-ABzxCDyq554vp557BNz0AOkcUjskBcHHNyk_SjqxuBaO&itag=18&source=youtube&requiressl=yes&xpc=EgVo2aDSNQ%3D%3D&spc=UWF9f-w5I3Ewuj9JL49GfjKshYpUqhHSK4vbIiWg3ddGVAg&vprv=1&svpuc=1&mime=video%2Fmp4&gir=yes&clen=8821963&ratebypass=yes&dur=179.072&lmt=1703489165435040&fexp=24007246&c=ANDROID&txp=1318224&sparams=expire%2Cei%2Cip%2Cid%2Citag%2Csource%2Crequiressl%2Cxpc%2Cspc%2Cvprv%2Csvpuc%2Cmime%2Cgir%2Cclen%2Cratebypass%2Cdur%2Clmt&sig=AJfQdSswRQIhAO3gZSnh6ZviWQEaDH3DaSqdyvP0Z0iav7ShKA7y3upuAiB1RAz9zN2QuVLHtnFaPV5Ph_OFghDt3eVyFdxDCXKidg%3D%3D&title=%D0%92%D0%B8%D0%B4%D0%B5%D0%BE-%D1%80%D0%BE%D0%BB%D0%B8%D0%BA%20%D0%BD%D0%B0%20%D1%82%D0%B5%D0%BC%D1%83%20%22%D0%97%D0%B0%D1%89%D0%B8%D1%82%D0%B0%20%D0%BE%D0%BA%D1%80%D1%83%D0%B6%D0%B0%D1%8E%D1%89%D0%B5%D0%B9%20%D1%81%D1%80%D0%B5%D0%B4%D1%8B%22&rm=sn-ab5eld76&req_id=308bd70a6dc0a3ee&ipbypass=yes&redirect_counter=2&cm2rm=sn-oan31-5a5e7e&cms_redirect=yes&cmsv=e&mh=Gj&mip=5.188.153.53&mm=29&mn=sn-8ph2xajvh-n8vs&ms=rdu&mt=1709288946&mv=m&mvi=1&pl=24&lsparams=ipbypass,mh,mip,mm,mn,ms,mv,mvi,pl&lsig=APTiJQcwRQIhAPkFJQikxIgWc-2icxvtsllwZNl9VoWNv4dp6rLnzGd7AiB8qKAR3lfqI_FY0hmOJs9YTTIwfhnxh1_T7km7AHXNuQ%3D%3D",8821963,2024-03-01T10:33:30.441557+05:00,2024-03-01T10:33:32.552876+05:00,video/mp4
C:\Users\Ученик-15\Downloads\videoplayback.mp4,"https://rr5---sn-h557sn6z.googlevideo.com/videoplayback?expire=1709216947&ei=U0DgZZvsCrr5vcAPlpe74Ac&ip=2409%3A408c%3A8e0d%3Aabfb%3Accf0%3A1722%3Aff13%3Aac44&id=o-AJU8ujbZIUpjOl6VePNZ4b8rbq9Iyds-ys7QfzJbV0Xu&itag=18&source=youtube&requiressl=yes&xpc=EgVo2aDSNQ%3D%3D&spc=UWF9f4qhEX3DkuTDznFQL7lSMFZ0piwX7sHIZ94Q2DDTVIY&vprv=1&svpuc=1&mime=video%2Fmp4&gir=yes&clen=8821963&ratebypass=yes&dur=179.072&lmt=1703489165435040&fexp=24007246&c=ANDROID&txp=1318224&sparams=expire%2Cei%2Cip%2Cid%2Citag%2Csource%2Crequiressl%2Cxpc%2Cspc%2Cvprv%2Csvpuc%2Cmime%2Cgir%2Cclen%2Cratebypass%2Cdur%2Clmt&sig=AJfQdSswRQIgZ5mldJAqxfYF7mF1YaXB6QBpNJS_9A5_Ml2nM_pjO7ECIQDBE4Ykh2wsI-IW6nYXzavOB4YQt3SZgCi8oMTFDYaAbw%3D%3D&title=%D0%92%D0%B8%D0%B4%D0%B5%D0%BE-%D1%80%D0%BE%D0%BB%D0%B8%D0%BA%20%D0%BD%D0%B0%20%D1%82%D0%B5%D0%BC%D1%83%20%22%D0%97%D0%B0%D1%89%D0%B8%D1%82%D0%B0%20%D0%BE%D0%BA%D1%80%D1%83%D0%B6%D0%B0%D1%8E%D1%89%D0%B5%D0%B9%20%D1%81%D1%80%D0%B5%D0%B4%D1%8B%22&rm=sn-gwpa-cagk7k,sn-gwpa-h55e77z&req_id=e8bee6d0b11da3ee&redirect_counter=2&cms_redirect=yes&cmsv=e&ipbypass=yes&mh=Gj&mm=30&mn=sn-h557sn6z&ms=nxu&mt=1709208500&mv=m&mvi=5&pl=41&lsparams=ipbypass,mh,mm,mn,ms,mv,mvi,pl&lsig=APTiJQcwRQIhAJ5esRrQkNj8cJgzf6fjf-Qfm-LvEfC3hwuHId29CdR1AiAc9r_mjShgDlf3bAChq3b0UWM1fMfXLgXdrfgGBM_uBg%3D%3D",8821963,2024-02-29T12:12:19.900862+05:00,2024-02-29T12:12:21.906037+05:00,video/mp4
C:\Users\Ученик-15\Documents\freedexpano_2_3_5\plugins\s-prazdnikom-8-marta.mp4,https://3d-galleru.ru/3D/image/s-prazdnikom-8-marta-213583/,7545418,2024-03-06T11:05:41.059572+05:00,2024-03-06T11:05:58.323017+05:00,video/mp4
C:\Users\Ученик-15\Downloads\vppsetup (3).exe,https://www.nchsoftware.com/videopad/ru/index.html,6189232,2024-01-08T11:10:52.559095+05:00,2024-01-08T11:11:05.851263+05:00,application/x-msdownload
C:\Users\Ученик-15\Downloads\vppsetup (2).exe,https://www.nchsoftware.com/videopad/ru/index.html,6189232,2024-01-08T11:10:47.359078+05:00,2024-01-08T11:11:04.73279+05:00,application/x-msdownload
C:\Users\Ученик-15\Downloads\vppsetup (1).exe,https://www.nchsoftware.com/videopad/ru/index.html,6189232,2024-01-08T11:10:44.058676+05:00,2024-01-08T11:11:04.836293+05:00,application/x-msdownload
C:\Users\Ученик-15\Downloads\vppsetup.exe,https://videopad-video-editor.download-windows.org/#d_table,5957800,2024-01-08T10:31:05.583833+05:00,2024-01-08T10:31:34.538916+05:00,application/x-msdownload
C:\Users\Ученик-15\Downloads\netemul-1.0 (3).exe,https://sourceforge.net/projects/netemul/files/latest/download,5744673,2024-09-10T07:37:06.69572+05:00,2024-09-10T07:37:07.60784+05:00,application/x-msdownload
C:\Users\Ученик-15\Downloads\netemul-1.0.exe,https://sourceforge.net/projects/netemul/files/latest/download,5744673,2024-09-10T07:43:16.107031+05:00,2024-09-10T07:43:17.997962+05:00,application/x-msdownload
C:\Users\Ученик-15\Downloads\netemul-1.0 (4).exe,https://sourceforge.net/projects/netemul/files/release-1.0/netemul-1.0.exe/download,5744673,2024-09-10T07:40:45.242835+05:00,2024-09-10T07:40:47.472995+05:00,application/x-msdownload
C:\Users\Ученик-15\Downloads\netemul-1.0.exe,https://sourceforge.net/projects/netemul/files/release-1.0/netemul-1.0.exe/download,5744673,2024-09-10T03:56:55.001531+05:00,2024-09-10T03:56:59.319394+05:00,application/x-msdownload
C:\Users\Ученик-15\Downloads\netemul-1.0 (2).exe,https://sourceforge.net/projects/netemul/files/release-1.0/netemul-1.0.exe/download,5744673,2024-09-10T07:35:21.261009+05:00,2024-09-10T07:35:22.453109+05:00,application/x-msdownload
C:\Users\Ученик-15\Downloads\netemul-1.0 (1).exe,https://sourceforge.net/projects/netemul/files/latest/download,5744673,2024-09-10T04:58:27.619048+05:00,2024-09-10T04:58:28.561415+05:00,application/x-msdownload
C:\Users\Ученик-15\Downloads\netemul-1.0 (1).exe,https://sourceforge.net/projects/netemul/files/latest/download,5744673,2024-09-10T05:50:20.648477+05:00,2024-09-10T05:50:21.109768+05:00,application/x-msdownload
C:\Users\Ученик-15\Downloads\netemul-1.0.exe,https://sourceforge.net/projects/netemul/files/release-1.0/netemul-1.0.exe/download,5744673,2024-09-10T05:48:21.981979+05:00,2024-09-10T05:48:22.603106+05:00,application/x-msdownload
C:\Users\Ученик-15\Downloads\Yandex.exe,https://yandex.kz/project/browser/general/g/35?from=adwords_gdn&utm_source=google&utm_medium=gdn&utm_campaign=smart_gdn_kz_good&utm_content=665610372196&utm_term=kwg%20entity%2011p12b0z2g&campaignid=20371092166&adgroupid=159760236388&creative=665610372196&keyword=kwg%20entity%2011p12b0z2g&gclid=EAIaIQobChMI96f1-ISsgwMVHkmRBR1yqQzfEAEYASAAEgJ8APD_BwE,5247896,2023-12-26T02:19:32.912381+05:00,2023-12-26T02:19:48.531799+05:00,application/x-msdownload
C:\Users\Ученик-15\Downloads\Поздравление с 8 Марта.mp4,https://ru.savefrom.net/1-%D0%B1%D1%8B%D1%81%D1%82%D1%80%D1%8B%D0%B9-%D1%81%D0%BF%D0%BE%D1%81%D0%BE%D0%B1-%D1%81%D0%BA%D0%B0%D1%87%D0%B0%D1%82%D1%8C-%D1%81-youtube-165lr/,5108488,2024-03-06T11:16:58.089489+05:00,2024-03-06T11:16:58.66337+05:00,video/mp4
C:\Users\Ученик-15\Downloads\Поздравление с 8 Марта (1).mp4,https://ru.savefrom.net/1-%D0%B1%D1%8B%D1%81%D1%82%D1%80%D1%8B%D0%B9-%D1%81%D0%BF%D0%BE%D1%81%D0%BE%D0%B1-%D1%81%D0%BA%D0%B0%D1%87%D0%B0%D1%82%D1%8C-%D1%81-youtube-165lr/,5108488,2024-03-06T11:27:29.802311+05:00,2024-03-06T11:27:30.005336+05:00,video/mp4
C:\Users\Ученик-15\Downloads\Поздравление с 8 Марта (2).mp4,https://ru.savefrom.net/1-%D0%B1%D1%8B%D1%81%D1%82%D1%80%D1%8B%D0%B9-%D1%81%D0%BF%D0%BE%D1%81%D0%BE%D0%B1-%D1%81%D0%BA%D0%B0%D1%87%D0%B0%D1%82%D1%8C-%D1%81-youtube-165lr/,5108488,2024-03-06T11:27:30.320366+05:00,2024-03-06T11:27:30.54036+05:00,video/mp4
C:\Users\Ученик-15\Downloads\MentalMentor (1).exe,https://mmentorapp.com/land_en/?r=PropellerAds_VT_Push_Conv_ALL_27_01_2024&sub2=propeller&sub6=787050370405240837,3346944,2024-02-29T12:50:10.335807+05:00,2024-02-29T12:50:14.871354+05:00,application/x-msdownload
C:\Users\Ученик-15\Downloads\MentalMentor.exe,https://mmentorapp.com/land_en/?r=PropellerAds_VT_Push_Conv_ALL_27_01_2024&sub2=propeller&sub6=785926077197856770,3346944,2024-02-26T10:21:54.322152+05:00,2024-02-26T10:22:11.147032+05:00,application/x-msdownload
C:\Users\Ученик-15\Downloads\pygame-1.9.6.tar.gz,https://gsf-fl.softonic.com/d05/5cf/1e37d8c340579e2d745e8ca4c9397767da/pygame-1.9.6.tar.gz?Expires=1712159261&Signature=f2755c7c6eb50cf05ff8baa65b0d9ea4f5eea5fd&url=https://pygame.softonic.ru&Filename=pygame-1.9.6.tar.gz,3223131,2024-04-03T03:59:02.772886+05:00,2024-04-03T03:59:25.231789+05:00,binary/octet-stream
C:\Users\Ученик-15\Downloads\Наурыз 2.mp4,https://ru.savefrom.net/1-%D0%B1%D1%8B%D1%81%D1%82%D1%80%D1%8B%D0%B9-%D1%81%D0%BF%D0%BE%D1%81%D0%BE%D0%B1-%D1%81%D0%BA%D0%B0%D1%87%D0%B0%D1%82%D1%8C-%D1%81-youtube-165lr/,2757461,2024-03-11T12:03:52.198547+05:00,2024-03-11T12:03:53.269332+05:00,video/mp4
C:\Users\Ученик-15\Downloads\very well (1).bmp,https://www.online-convert.com/ru/result#j=1bdab090-be8c-4b7c-a74b-c6fb79fef8cd,2432138,2024-04-24T07:51:33.068638+05:00,2024-04-24T07:51:33.991103+05:00,image/bmp
C:\Users\Ученик-15\Downloads\very well (2).bmp,https://www.online-convert.com/ru/result#j=1bdab090-be8c-4b7c-a74b-c6fb79fef8cd,2432138,2024-04-24T07:51:34.10843+05:00,2024-04-24T07:51:35.519935+05:00,image/bmp
C:\Users\Ученик-15\Downloads\very well (3).bmp,https://www.online-convert.com/ru/result#j=1bdab090-be8c-4b7c-a74b-c6fb79fef8cd,2432138,2024-04-24T07:51:35.562998+05:00,2024-04-24T07:51:36.721837+05:00,image/bmp
C:\Users\Ученик-15\Downloads\simona bogin 9 b very very well.bmp,https://www.online-convert.com/ru/result#j=f5799339-4abd-464f-8bd8-ecbbeb5cf1fe,2432138,2024-04-24T08:06:12.827817+05:00,2024-04-24T08:06:13.963878+05:00,image/bmp
C:\Users\Ученик-15\Downloads\very well.bmp,https://www.online-convert.com/ru/result#j=1bdab090-be8c-4b7c-a74b-c6fb79fef8cd,2432138,2024-04-24T07:51:31.855267+05:00,2024-04-24T07:51:32.850223+05:00,image/bmp
C:\Users\Ученик-15\Downloads\simona bogin 9 b very very well (1).bmp,https://www.online-convert.com/ru/result#j=f5799339-4abd-464f-8bd8-ecbbeb5cf1fe,2432138,2024-04-24T08:06:15.945541+05:00,2024-04-24T08:06:16.766717+05:00,image/bmp
C:\Users\Ученик-15\Downloads\9d18a2369b863c1e7d3112ac658c8045.jpg,https://www.google.com/search?sca_esv=544798f1b50553ec&q=%D0%BD%D1%83+%D0%BF%D0%BE%D0%B3%D0%BE%D0%B4%D0%B8&uds=AMwkrPvvTgATrYsU7QL2ugoBCP8LHw7cm3gmmo9hwr0iF1GP2GrbnkBEqnb2VJNklShX6g_KMCh5CBOEYaQrgLb-1L4-jcCWz2NURcRPBNhUZUODdRafIspJpH0zUdHTee1C6tPzV1ybpSspGGKmFrpDXtATaSBvMrKyua5ZaURBRNoVEdaD8PK-Ui90HTXNZUKN9FDyg8oVuqvhwv8jfPqW_3sPx4pAg1khu9BfaVDuvcyhZOm_enpjhZLXtxZPhstYl_H72hj177mLCHSsR5lIxHrQMBa8QPTH8Q8z7_RKZa2kSu30myhG5Zg3Pql2hRN7ntUyeEex-VbNIkZ6MCDsVvzDzX4R0g&udm=2&prmd=ivnsmbtz&sa=X&sqi=2&ved=2ahUKEwjTq__zvOeFAxXlGxAIHcy_CGcQtKgLegQIBxAB&biw=1366&bih=641&dpr=1#vhid=FVq1Yn2nTNSQSM&vssid=mosaic,2401744,2024-04-29T13:01:35.783526+05:00,2024-04-29T13:01:44.804421+05:00,image/jpeg
C:\Users\Ученик-15\Downloads\нууууу погодииииии57448938н423нурарвырирпвывываыр.jpg,https://www.google.com/search?sca_esv=3cb57a3b0b929ed3&q=%D0%BD%D1%83+%D0%BF%D0%BE%D0%B3%D0%BE%D0%B4%D0%B8&uds=AMwkrPvvTgATrYsU7QL2ugoBCP8LHw7cm3gmmo9hwr0iF1GP2GrbnkBEqnb2VJNklShX6g_KMCh5CBOEYaQrgLb-1L4-jcCWz2NURcRPBNhUZUODdRafIspJpH0zUdHTee1C6tPzV1ybpSspGGKmFrpDXtATaSBvMrKyua5ZaURBRNoVEdaD8PK-Ui90HTXNZUKN9FDyg8oVuqvhwv8jfPqW_3sPx4pAg1khu9BfaVDuvcyhZOm_enpjhZLXtxZPhstYl_H72hj177mLCHSsR5lIxHrQMBa8QPTH8Q8z7_RKZa2kSu30myhG5Zg3Pql2hRN7ntUyeEex-VbNIkZ6MCDsVvzDzX4R0g&udm=2&prmd=ivnsmbtz&sa=X&ved=2ahUKEwjNvtn5ieqFAxVtLBAIHakdDkgQtKgLegQICBAB&biw=1366&bih=589&dpr=1#vhid=FVq1Yn2nTNSQSM&vssid=mosaic,2401744,2024-04-30T13:48:32.080813+05:00,2024-04-30T13:48:53.584504+05:00,image/jpeg
C:\Users\Ученик-15\Downloads\Chto-takoe-funkcii-v-Excel.pptx,https://gamma.app/docs/Excel-72dy8cx3kihh9u3?mode=doc,2286090,2024-02-16T06:29:41.423189+05:00,2024-02-16T06:29:43.551247+05:00,application/vnd.openxmlformats-officedocument.presentationml.presentation
C:\Users\Ученик-15\Downloads\well.bmp,https://www.online-convert.com/ru/result#j=e2ec2762-c5af-4b18-b392-edcf61f47d86,1792138,2024-04-24T07:49:57.133305+05:00,2024-04-24T07:49:58.100042+05:00,image/bmp
C:\Users\Ученик-15\Downloads\well (2).bmp,https://www.online-convert.com/ru/result#j=e2ec2762-c5af-4b18-b392-edcf61f47d86,1792138,2024-04-24T07:50:45.663792+05:00,2024-04-24T07:50:46.679784+05:00,image/bmp
C:\Users\Ученик-15\Downloads\well (1).bmp,https://www.online-convert.com/ru/result#j=e2ec2762-c5af-4b18-b392-edcf61f47d86,1792138,2024-04-24T07:49:58.320289+05:00,2024-04-24T07:49:59.145451+05:00,image/bmp
C:\Users\Ученик-15\Downloads\pygame-1.9.6-installer_2N-9N81.exe,https://www.softonic.ru/download-launch?token=eyJhbGciOiJIUzI1NiIsInR5cCI6IkpXVCJ9.eyJkb3dubG9hZFR5cGUiOiJyaXNlSW5zdGFsbGVyIiwiZG93bmxvYWRVcmwiOiJodHRwczovL2QxaXN1bXF2bW5xN2p6LmNsb3VkZnJvbnQubmV0L2J1aWxkL2t6L3YyLjc1Mi42MS4yNy43NyIsImFwcElkIjoiYTFiN2U1NDYtODAzMS00M2EzLTlmZTgtMTRlOTI0Y2VlZDE1IiwicGxhdGZvcm1JZCI6IndpbmRvd3MiLCJpYXQiOjE3MTIxMTY2NzUsImV4cCI6MTcxMjEyMDI3NX0.YbEGkoqp4IuMF5e3rsHUqAAm1ddLl2RFIvqxyYkKNuE,1771176,2024-04-03T03:58:08.335772+05:00,2024-04-03T03:58:12.027361+05:00,application/x-msdownload
C:\Users\Ученик-15\Downloads\Funkcii-Excel.pptx,https://gamma.app/docs/Excel-uexgq2i12owvcdc?mode=doc,1360351,2024-02-16T05:01:42.814083+05:00,2024-02-16T05:01:46.36187+05:00,application/vnd.openxmlformats-officedocument.presentationml.presentation
C:\Users\Ученик-15\Documents\Настраиваемые шаблоны Office\1697506839_flomaster-top-p-risunok-po-okhrane-prirodi-pinterest-38.jpg,https://www.google.com/search?q=%D0%BE%D0%BA%D1%80%D1%83%D0%B6%D0%B0%D1%8E%D1%89%D0%B0%D1%8F+%D1%81%D1%80%D0%B5%D0%B4%D0%B0+%D0%BF%D0%B8%D0%BD%D1%82%D0%B5%D1%80%D0%B5%D1%81%D1%82&tbm=isch&ved=2ahUKEwiduMyrlIqEAxXzFRAIHbNXC44Q2-cCegQIABAA&oq=%D0%BE%D0%BA%D1%80%D1%83%D0%B6%D0%B0%D1%8E%D1%89%D0%B0%D1%8F+%D1%81%D1%80%D0%B5%D0%B4%D0%B0+%D0%BF%D0%B8%D0%BD%D1%82%D0%B5%D1%80%D0%B5%D1%81%D1%82&gs_lcp=CgNpbWcQA1CfC1j-IGD8I2gAcAB4AIABAIgBAJIBAJgBAKABAaoBC2d3cy13aXotaW1nwAEB&sclient=img&ei=v5C7Zd3cMvOrwPAPs6-t8Ag&prmd=ivsnbmtz#imgrc=BhtdVG-0LCUZ3M,1268252,2024-02-01T12:44:00.083204+05:00,2024-02-01T12:46:00.060185+05:00,image/jpeg
C:\AMD\нурсултан.html,https://www.google.com/search?q=%D1%84%D0%BE%D1%82%D0%BE+%D0%BD%D1%83%D1%80%D1%81%D1%83%D0%BB%D1%82%D0%B0%D0%BD&oq=%D1%84%D0%BE%D1%82%D0%BA%D0%B0+%D0%BD%D1%83%D1%80+&gs_lcrp=EgZjaHJvbWUqCggCEAAYogQYiQUyBggAEEUYOTIKCAEQABgKGBYYHjIKCAIQABiiBBiJBTIKCAMQABiABBiiBNIBCjUwMDUzajBqMTWoAgiwAgE&sourceid=chrome&ie=UTF-8#vhid=SOHYaGa57l8ZbM&vssid=l,903799,2024-09-24T13:09:59.607285+05:00,2024-09-24T13:10:19.288257+05:00,text/html
C:\Users\Ученик-15\Downloads\Новая папка\нурсултан (1).html,https://www.google.com/search?q=%D1%84%D0%BE%D1%82%D0%BE+%D0%BD%D1%83%D1%80%D1%81%D1%83%D0%BB%D1%82%D0%B0%D0%BD&oq=%D1%84%D0%BE%D1%82%D0%BA%D0%B0+%D0%BD%D1%83%D1%80+&gs_lcrp=EgZjaHJvbWUqCggCEAAYogQYiQUyBggAEEUYOTIKCAEQABgKGBYYHjIKCAIQABiiBBiJBTIKCAMQABiABBiiBNIBCjUwMDUzajBqMTWoAgiwAgE&sourceid=chrome&ie=UTF-8#vhid=SOHYaGa57l8ZbM&vssid=l,900718,2024-09-24T13:11:35.89613+05:00,2024-09-24T13:11:45.67036+05:00,text/html
C:\Users\Ученик-15\Documents\freedexpano_2_3_5\plugins\nauriz-min.jpg,https://www.google.com/search?q=%D0%BD%D0%B0%D1%83%D1%80%D1%8B%D0%B7&sca_esv=562607b38f2994ce&ei=z4fxZfybL5-2wPAPnuC44A0&udm=&ved=0ahUKEwi8v8i0i_GEAxUfGxAIHR4wDtwQ4dUDCBA&oq=%D0%BD%D0%B0%D1%83%D1%80%D1%8B%D0%B7&gs_lp=Egxnd3Mtd2l6LXNlcnAiDNC90LDRg9GA0YvQtzIFEAAYgAQyBRAAGIAEMgsQLhiABBjHARivATIFEC4YgAQyBRAAGIAEMgUQLhiABDIFEC4YgAQyBRAAGIAEMgsQLhiABBjHARivATIFEAAYgARIz8ICUIq-AVirowJwB3gBkAEAmAF3oAGqBaoBAzAuNrgBDMgBAPgBAZgCDaAClwaoAhTCAiAQABiABBiKBRjlAhjlAhjqAhi0AhiKAxi3AxjUA9gBAcICHRAAGIAEGIoFGOUCGOUCGOoCGLQCGIoDGLcD2AEBwgIWEC4YAxiPARjlAhjqAhi0AhiMA9gBAsICFhAAGAMYjwEY5QIY6gIYtAIYjAPYAQLCAgsQLhiABBjHARjRA8ICChAAGIAEGIoFGEPCAhAQLhiABBiKBRhDGMcBGNEDwgIKEC4YgAQYigUYQ8ICGRAuGIAEGIoFGEMYlwUY3AQY3gQY4ATYAQPCAgsQLhivARjHARiABMICChAAGIAEGEYYgQKYAwy6BgQIARgHugYGCAIQARgKugYGCAMQARgUkgcDNy42oAeYZg&sclient=gws-wiz-serp#vhid=HitYPbU-ymM4SM&vssid=l&ip=1,784411,2024-03-13T11:04:06.172525+05:00,2024-03-13T11:04:13.518211+05:00,image/jpeg
C:\Users\Ученик-15\Documents\freedexpano_2_3_5\plugins\nauriz-min (1).jpg,https://exd.ru/index.php?id=4246,784411,2024-03-13T11:04:45.228694+05:00,2024-03-13T11:04:49.192756+05:00,image/jpeg
C:\Users\Ученик-15\Documents\freedexpano_2_3_5\plugins\thumb_16352_articles_standart.png,https://3d-galleru.ru/archive/search/%D0%B2%D0%B8%D0%B4%D0%B5%D0%BE+%D0%BF%D0%BE%D0%B7%D0%B4%D1%80%D0%B0%D0%B2%D0%BB%D0%B5%D0%BD%D0%B8%D0%B5+%D1%81+8+%D0%BC%D0%B0%D1%80%D1%82%D0%B0/,708275,2024-03-06T11:00:55.939154+05:00,2024-03-06T11:01:18.207922+05:00,image/png
C:\Users\Ученик-15\Documents\imgres.htm,https://www.google.com/search?q=%D0%B1%D0%B0%D0%B1%D0%BE%D1%87%D0%BA%D0%B0&sca_esv=f4c218d55768bdaf&udm=2&biw=1366&bih=641&ei=GJQoZtOSAvqTwPAP45SrsA4&ved=0ahUKEwjT_u7titqFAxX6CRAIHWPKCuYQ4dUDCBA&uact=5&oq=%D0%B1%D0%B0%D0%B1%D0%BE%D1%87%D0%BA%D0%B0&gs_lp=Egxnd3Mtd2l6LXNlcnAiDtCx0LDQsdC-0YfQutCwMgoQABiABBhDGIoFMg0QABiABBixAxhDGIoFMgoQABiABBhDGIoFMgoQABiABBhDGIoFMgoQABiABBhDGIoFMg0QABiABBixAxhDGIoFMgoQABiABBhDGIoFMgoQABiABBhDGIoFMggQABiABBixAzIFEAAYgARI2zZQzgRYtDVwAngAkAEBmAFxoAGiB6oBAzIuN7gBA8gBAPgBAZgCCaAC5waoAgDCAgsQABiABBixAxiDAcICDhAAGIAEGLEDGIMBGIoFmAMBiAYBkgcDMS44oAejNA&sclient=gws-wiz-serp,699400,2024-04-24T05:10:24.626055+05:00,2024-04-24T05:10:27.325574+05:00,text/html
C:\Users\Ученик-15\Downloads\photo_2024-01-26_09-58-56.jpg,https://www.google.com/search?sca_esv=658059ba84023065&q=%D0%B0%D1%81%D1%82%D0%B0%D0%BD%D0%B0&udm=2&fbs=AEQNm0ASTk_ENKU08fiSGJkIoyDx482RYqi9poZPzBXmAhT39qAQfyoiIIBXqmtfqk2LMkGAuHq3S-IRVWrindP69I0vy4xJYtPVJXKAeLUhZfHO7cSZdI0Hy-CI7p6Ti4z4wsKhPvOgSa_i2Wqhn9-JBPNtCuUsjblCCrjewrKN4x0yIR_gxZnyAqBFaWj4AbEOrnGpCGLrIoVrtczPNeKCCgTJhqG5yMXKw8OmCNBPk5_vm2kbIvY&sa=X&ved=2ahUKEwiJ8ZCM186IAxViJRAIHRkmLBIQtKgLegQIDxAB&biw=763&bih=649&dpr=1#vhid=dzcTb-AijLgJwM&vssid=mosaic,638082,2024-09-19T09:21:40.961182+05:00,2024-09-19T09:21:45.266711+05:00,image/jpeg
C:\Users\Ученик-15\Documents\imgres.bmp,https://www.google.com/search?q=bmp+image&sca_esv=f4c218d55768bdaf&udm=2&biw=1366&bih=641&ei=HJMoZomMMuatwPAPofiRwAc&oq=bmp+&gs_lp=Egxnd3Mtd2l6LXNlcnAiBGJtcCAqAggBMgoQABiABBhDGIoFMgoQABiABBhDGIoFMgoQABiABBhDGIoFMgoQABiABBhDGIoFMgoQABiABBhDGIoFMgUQABiABDIFEAAYgAQyBRAAGIAEMgUQABiABDIFEAAYgARInApQ1ARY1ARwAXgAkAEAmAFioAFiqgEBMbgBAcgBAPgBAZgCAqACcJgDAIgGAZIHAzEuMaAHqAU&sclient=gws-wiz-serp,619767,2024-04-24T05:06:10.007887+05:00,2024-04-24T05:06:15.338319+05:00,image/bmp
C:\Users\Ученик-15\Downloads\main__astana___shutterstock_1207669507.3iy9ep2jzfmf.jpg,https://www.google.com/search?q=%D0%B0%D1%81%D1%82%D0%B0%D0%BD%D0%B0+%D1%84%D0%BE%D1%82%D0%BE&sca_esv=de8efa94a8e5fbd0&udm=2&biw=1366&bih=641&ei=wh3sZsK6H4HIwPAPmcaj0Qc&oq=%D0%B0%D1%81%D1%82%D0%B0%D0%BD%D0%B0&gs_lp=Egxnd3Mtd2l6LXNlcnAiDNCw0YHRgtCw0L3QsCoCCAEyEBAAGIAEGLEDGEMYgwEYigUyBRAAGIAEMgUQABiABDIFEAAYgAQyBRAAGIAEMgUQABiABDIKEAAYgAQYQxiKBTIFEAAYgAQyBRAAGIAEMgoQABiABBhDGIoFSOtdUJAlWMtDcAR4AJABAJgBZ6ABzASqAQM0LjK4AQHIAQD4AQGYAgagAvQEqAIAwgINEAAYgAQYsQMYQxiKBcICCxAAGIAEGLEDGIMBwgIIEAAYgAQYsQOYAwOSBwMxLjWgB8Ai&sclient=gws-wiz-serp#vhid=inxNy9pjaG90uM&vssid=mosaic,561136,2024-09-19T12:50:13.467485+05:00,2024-09-19T12:50:17.897497+05:00,image/jpeg
C:\Users\Ученик-15\Downloads\vcKjicv2.jpg,https://www.google.com/search?sca_esv=de8efa94a8e5fbd0&q=%D0%B0%D0%BB%D0%BC%D0%B0%D1%82%D1%8B&udm=2&fbs=AEQNm0DwoCDPw_neNLpbAaF6DHj_mJuUmGe3JSeKw9JRLXD83HA0s0wxPkEKr30WtOSp-1sVf9ASuA-f4am2ZkB0-LqyEeGdbV070HOZPImnGNfnroGllPT0yyd0mQEFLO3CYPqg5OeWjBzDYdnksVssA9zjrxb3F8MZdDU8SDDxie_7dJPFbWY7kEX5LxQlVyXF4gXnykcEOvffWiV__LiaTFZzN-J-5b4UdB1j7dym8faEdYiy4-w&sa=X&ved=2ahUKEwjmj4DHhc-IAxW8JBAIHfokJwsQtKgLegQIEBAB&biw=1366&bih=641&dpr=1#vhid=NBCyCtkB1QSLHM&vssid=mosaic,492367,2024-09-19T12:49:27.785952+05:00,2024-09-19T12:49:34.462244+05:00,image/jpeg
C:\Users\Ученик-15\Documents\img.jpeg,https://www.google.com/search?q=png&sca_esv=f4c218d55768bdaf&udm=2&biw=1366&bih=589&ei=B5QoZuqxAr_CwPAPqeK8oAI&ved=0ahUKEwiq0eHlitqFAxU_IRAIHSkxDyQQ4dUDCBA&uact=5&oq=png&gs_lp=Egxnd3Mtd2l6LXNlcnAiA3BuZzINEAAYgAQYsQMYQxiKBTIKEAAYgAQYQxiKBTIKEAAYgAQYQxiKBTIFEAAYgAQyBRAAGIAEMgUQABiABDIFEAAYgAQyBRAAGIAEMgUQABiABDIFEAAYgARIzChQuARYlSdwBXgAkAEBmAFpoAGzBqoBAzAuOLgBA8gBAPgBAZgCC6AC_gWoAgDCAgcQABiABBgTwgIHEAAYgAQYGMICCxAAGIAEGLEDGIMBmAMAiAYBkgcDNC43oAfPHw&sclient=gws-wiz-serp,416665,2024-04-24T05:09:47.407535+05:00,2024-04-24T05:09:59.288636+05:00,image/jpeg
C:\Users\Ученик-15\Downloads\00388.mp3,https://zvukipro.com/transport/531-zvuki-legkovogo-avtomobilja.html,416603,2024-02-19T11:18:34.71786+05:00,2024-02-19T11:18:56.350792+05:00,audio/mpeg
C:\Users\Ученик-15\Downloads\00388 (1).mp3,https://zvukipro.com/transport/531-zvuki-legkovogo-avtomobilja.html,416603,2024-02-19T11:18:41.530047+05:00,2024-02-19T11:19:16.594259+05:00,audio/mpeg
C:\Users\Ученик-15\Documents\Тулегенов Алан 7 Г\кожа коня.htm,https://www.google.com/search?sca_esv=4e0a2782dc01dd0c&q=%D0%BC%D0%BE%D1%8F+%D1%80%D0%BE%D0%B4%D0%B8%D0%BD%D0%B0&udm=2&fbs=AEQNm0DpvuYEwHLg4ukM13djj3L-RuaY_6pr9WXl7lY_FI4HnBysgQjdnG3WgVtSLMmstsbZYmkFl7liwFRRKelQtHs1Md_mSwm2TRkL__xMgNlRNezYy6t_55MnZg0QWUk6ZZxrLPoGzvfUYYLtV5jTwFJWMedF950M7mJzbvAAPp1rYHtXCl6G5MxFii0dSUR6a1mczLYSpZolFPmWgLW5YiWWrPWzya4sdR2Dhn3f0_zudubwM5E&sa=X&ved=2ahUKEwi6-LCt7t-IAxVRFRAIHZkAAe4QtKgLegQIERAB&biw=1366&bih=641&dpr=1#vhid=Ln0WkSHPZLh8mM&vssid=mosaic,367570,2024-09-26T05:20:58.622183+05:00,2024-09-26T05:21:31.1848+05:00,text/html
C:\Users\Ученик-15\Downloads\1644926061_20-kartinkin-net-p-kartinki-nu-pogodi-23 (1).jpg,https://kartinki.pics/72730-kartinki-nu-pogodi.html,343212,2024-04-30T06:27:13.880635+05:00,2024-04-30T06:27:16.114607+05:00,image/jpeg
C:\Users\Ученик-15\Downloads\ну погоди.jpg,https://kartinki.pics/72730-kartinki-nu-pogodi.html,343212,2024-04-30T06:25:35.663593+05:00,2024-04-30T06:26:09.999253+05:00,image/jpeg
C:\Users\Ученик-15\Downloads\1644926061_20-kartinkin-net-p-kartinki-nu-pogodi-23.jpg,https://kartinki.pics/72730-kartinki-nu-pogodi.html,343212,2024-04-30T06:25:22.985497+05:00,2024-04-30T06:25:29.63407+05:00,image/jpeg
C:\Users\Ученик-15\Documents\freedexpano_2_3_5\plugins\природа.htm,https://www.google.com/search?q=%D0%BA%D0%B0%D1%80%D1%82%D0%B8%D0%BD%D0%BA%D0%B8+%D0%BF%D1%80%D0%B8%D1%80%D0%BE%D0%B4%D1%8B&sca_esv=7ec80514b65b74c1&ei=5ijCZbjMHLaqwPAPwKqBgAo&udm=&ved=0ahUKEwi419qk3paEAxU2FRAIHUBVAKAQ4dUDCBA&oq=%D0%BA%D0%B0%D1%80%D1%82%D0%B8%D0%BD%D0%BA%D0%B8+%D0%BF%D1%80%D0%B8%D1%80%D0%BE%D0%B4%D1%8B&gs_lp=Egxnd3Mtd2l6LXNlcnAiH9C60LDRgNGC0LjQvdC60Lgg0L_RgNC40YDQvtC00YsyCxAAGIAEGLEDGIMBMgUQABiABDIFEAAYgAQyBRAAGIAEMgUQABiABDIFEAAYgAQyBRAAGIAEMgUQABiABDIFEAAYgAQyBRAAGIAESPR_UJ4IWL5ZcAJ4AZABAJgB9QGgAa8QqgEGMC4xMy4xuAEMyAEA-AEBwgIKEAAYRxjWBBiwA8ICDRAAGIAEGIoFGEMYsAPCAgoQABiABBiKBRhDwgIIEAAYgAQYsQPCAgsQLhiABBixAxiDAcICGhAuGIAEGLEDGIMBGJcFGNwEGN4EGOAE2AEB4gMEGAAgQYgGAZAGCroGBggBEAEYFA&sclient=gws-wiz-serp#imgrc=v4kD127FR--UdM&imgdii=-NeWaDvUEDxEVM,285539,2024-02-06T12:42:12.433696+05:00,2024-02-06T12:42:28.853445+05:00,text/html
C:\Users\Ученик-15\Documents\freedexpano_2_3_5\plugins\children-planting-trees-together.html,https://www.google.com/search?q=%D0%B4%D0%B5%D1%82%D0%B8+%D1%81%D0%B0%D0%B6%D0%B0%D1%8E%D1%82+%D0%B4%D0%B5%D1%80%D0%B5%D0%B2%D0%BE&sca_esv=807b745412b14cf8&udm=2&biw=1366&bih=641&ei=YvYTZseVAoSFwPAPs5a2CA&oq=%D0%B4%D0%B5%D1%82%D0%B8+%D1%81%D0%B0%D0%B6%D0%B0%D1%8E%D1%82+&gs_lp=Egxnd3Mtd2l6LXNlcnAiFtC00LXRgtC4INGB0LDQttCw0Y7RgiAqAggAMgUQABiABDIFEAAYgAQyBRAAGIAEMgUQABiABDIHEAAYgAQYGEiQSlCSB1i3NXACeACQAQSYAZIBoAH-GKoBBDAuMjS4AQHIAQD4AQGYAg6gAocOqAIAwgIKEAAYgAQYigUYQ8ICCxAAGIAEGLEDGIMBwgIIEAAYgAQYsQPCAg0QABiABBiKBRhDGLEDwgIEEAAYA5gDAYgGAZIHBDEuMTOgB7aMAQ&sclient=gws-wiz-serp#vhid=hq33oRDXUo8yVM&vssid=mosaic,279101,2024-04-08T13:58:59.55815+05:00,2024-04-08T13:59:08.822042+05:00,text/html
C:\Users\Ученик-15\Downloads\odinochnyiy-zvuk-re.mp3,https://zvukogram.com/category/akkordyi-na-elektro-gitare/,261241,2024-02-23T09:27:11.330145+05:00,2024-02-23T09:27:11.96023+05:00,audio/mpeg
C:\Users\Ученик-15\Pictures\aliso4kaapelmen.jpg,https://www.kimep.kz/diam/ru/facts-about-almaty/,260044,2024-09-26T13:00:19.279148+05:00,2024-09-26T13:01:07.661342+05:00,image/jpeg
C:\Users\Ученик-15\Downloads\Астана ЭЩКЕРЕЕЕЕЕЕЕЕЕЕЕЕ.jpeg,https://www.google.com/search?q=%D0%90%D0%A1%D0%A2%D0%90%D0%9D%D0%90+%D1%84%D0%BE%D1%82%D0%BE&oq=%D0%B0%D1%81%D1%82%D0%B0%D0%BD%D0%B0&gs_lcrp=EgZjaHJvbWUqBggCEEUYOzINCAAQABjjAhixAxiABDIKCAEQLhixAxiABDIGCAIQRRg7MgYIAxBFGDsyCggEEAAYsQMYgAQyEwgFEC4YgwEYrwEYxwEYsQMYgAQyEwgGEC4YgwEYrwEYxwEYsQMYgAQyEwgHEC4YgwEYxwEYsQMY0QMYgAQyDQgIEAAYgwEYsQMYgAQyCggJEAAYsQMYgATSAQoxMjkxMGowajE1qAIIsAIB&sourceid=chrome&ie=UTF-8#vhid=MNgnHblDIGGP5M&vssid=l,254927,2024-09-26T13:58:22.432859+05:00,2024-09-26T13:59:17.81939+05:00,image/jpeg
C:\Users\Ученик-15\Downloads\43cfdb92-c267-11ee-b1e2-6a1da400f471.1200x1000.jpeg,https://www.google.com/search?q=%D0%90%D0%A1%D0%A2%D0%90%D0%9D%D0%90+%D1%84%D0%BE%D1%82%D0%BE&sca_esv=392b79e5fd33f0c2&ei=my7sZtSfJK23wPAPx8Ok8Aw&ved=0ahUKEwiU2bbRlc-IAxWtGxAIHcchCc4Q4dUDCA8&oq=%D0%90%D0%A1%D0%A2%D0%90%D0%9D%D0%90+%D1%84%D0%BE%D1%82%D0%BE&gs_lp=Egxnd3Mtd2l6LXNlcnAiFdCQ0KHQotCQ0J3QkCDRhNC-0YLQvjIKEAAYgAQYQxiKBTIGEAAYBxgeMgYQABgHGB4yBRAAGIAEMgUQABiABDIGEAAYBxgeMgUQABiABDIGEAAYBxgeMgUQABiABDIFEAAYgARI5LUCUNwHWOubAnABeAGQAQCYAYEBoAHUCqoBBDAuMTK4AQzIAQD4AQGYAg2gArQLwgIKEAAYsAMY1gQYR8ICDRAAGIAEGLADGEMYigXCAg4QABiwAxjkAhjWBNgBAcICExAuGIAEGLADGEMYyAMYigXYAQHCAhkQLhiABBiwAxhDGMcBGMgDGIoFGK8B2AEBwgIMEAAYgAQYQxiKBRgKwgINEAAYgAQYsQMYQxiKBZgDAIgGAZAGEboGBggBEAEYCZIHBDEuMTKgB6BR&sclient=gws-wiz-serp#vhid=MNgnHblDIGGP5M&vssid=l,254927,2024-09-19T14:02:42.25693+05:00,2024-09-19T14:02:48.079387+05:00,image/jpeg
C:\Users\Ученик-15\Downloads\1200xauto_6lxbTsK6BqtzTvjmDGuDVkZOLwFt1DkbzmQRwx3W.jpg,https://www.google.com/search?q=%D0%B0%D1%81%D1%82%D0%B0%D0%BD%D0%B0+%D1%84%D0%BE%D1%82%D0%BE+%D0%B7%D0%B8%D0%BC%D0%B0&sca_esv=426d1894efaa3de5&ei=JxTsZo-BN9KrwPAPyu2C0AY&oq=%D0%B0%D1%81%D1%82%D0%B0%D0%BD%D0%B0+%D1%84%D0%BE%D1%82%D0%BE+%D0%B7%D0%B8%D0%BC%D0%BE&gs_lp=Egxnd3Mtd2l6LXNlcnAiHtCw0YHRgtCw0L3QsCDRhNC-0YLQviDQt9C40LzQvioCCAAyBxAAGIAEGA0yBhAAGBYYHjIGEAAYFhgeMgYQABgWGB5Is3VQ9hBYkl9wA3gBkAEDmAGLAaABlRmqAQQwLjI3uAEByAEA-AEBmAIVoAKAEqgCFMICChAAGLADGNYEGEfCAg0QABiABBiwAxhDGIoFwgIOEAAYsAMY5AIY1gTYAQHCAhMQLhiABBiwAxhDGMgDGIoF2AEBwgIZEC4YgAQYsAMYQxjHARjIAxiKBRivAdgBAcICChAAGIAEGEMYigXCAgUQABiABMICExAAGIAEGEMYtAIYigUY6gLYAQLCAhkQLhiABBhDGLQCGMcBGIoFGOoCGK8B2AECwgIdEAAYgAQYtAIY1AMY5QIYtwMYigUY6gIYigPYAQLCAhYQABgDGLQCGOUCGOoCGIwDGI8B2AEBwgINEC4YgAQYsQMYQxiKBcICChAuGIAEGEMYigXCAhAQLhiABBhDGMcBGIoFGK8BwgINEAAYgAQYsQMYQxiKBcICCBAAGIAEGLEDwgIKEAAYgAQYsQMYCsICCBAuGIAEGLEDwgILEC4YgAQYxwEYrwHCAhcQLhiABBixAxiXBRjcBBjeBBjgBNgBAcICCxAAGIAEGLEDGIMBmAMKiAYBkAYRugYGCAEQARgJugYECAIYB5IHBDMuMTigB9CcAg&sclient=gws-wiz-serp#vhid=WPif1wyFq31h1M&vssid=l,249704,2024-09-19T12:08:50.087316+05:00,2024-09-19T12:08:55.284958+05:00,image/jpeg
C:\Users\Ученик-15\Downloads\avast_free_antivirus_setup_online (2).exe,https://www.avast.com/lp-ppc-free-av-brand?full_trSrc=mmm_ava_tst_007_402_a&om_sem_cid=hho_sem_sy:~en-ww_ava_sch_brn_exc_adw_dtp~&utm_source=google&utm_medium=cpc&utm_campaign=en-ww_ava_sch_brn_exc_adw_dtp&gad_source=1&gclid=EAIaIQobChMIhJ7diN68iAMVERiiAx0LHjHEEAAYASAAEgJMCfD_BwE&gclsrc=aw.ds?full_trSrc=mmm_ava_tst_007_402_a&om_sem_cid=hho_sem_sy:~en-ww_ava_sch_brn_exc_adw_dtp~&utm_source=google&utm_medium=cpc&utm_campaign=en-ww_ava_sch_brn_exc_adw_dtp&gad_source=1&gclid=EAIaIQobChMIhJ7diN68iAMVERiiAx0LHjHEEAAYASAAEgJMCfD_BwE&gclsrc=aw.ds#pc,249584,2024-09-12T06:05:12.872811+05:00,2024-09-12T06:05:14.335789+05:00,application/x-msdownload
C:\Users\Ученик-15\Downloads\avast_free_antivirus_setup_online (1).exe,https://www.avast.com/lp-ppc-free-av-brand?full_trSrc=mmm_ava_tst_007_402_a&om_sem_cid=hho_sem_sy:~en-ww_ava_sch_brn_exc_adw_dtp~&utm_source=google&utm_medium=cpc&utm_campaign=en-ww_ava_sch_brn_exc_adw_dtp&gad_source=1&gclid=EAIaIQobChMIhJ7diN68iAMVERiiAx0LHjHEEAAYASAAEgJMCfD_BwE&gclsrc=aw.ds?full_trSrc=mmm_ava_tst_007_402_a&om_sem_cid=hho_sem_sy:~en-ww_ava_sch_brn_exc_adw_dtp~&utm_source=google&utm_medium=cpc&utm_campaign=en-ww_ava_sch_brn_exc_adw_dtp&gad_source=1&gclid=EAIaIQobChMIhJ7diN68iAMVERiiAx0LHjHEEAAYASAAEgJMCfD_BwE&gclsrc=aw.ds#pc,249584,2024-09-12T06:04:50.240213+05:00,2024-09-12T06:04:51.546456+05:00,application/x-msdownload
C:\Users\Ученик-15\Downloads\avast_free_antivirus_setup_online.exe,https://www.avast.com/lp-ppc-free-av-brand?full_trSrc=mmm_ava_tst_007_402_a&om_sem_cid=hho_sem_sy:~en-ww_ava_sch_brn_exc_adw_dtp~&utm_source=google&utm_medium=cpc&utm_campaign=en-ww_ava_sch_brn_exc_adw_dtp&gad_source=1&gclid=EAIaIQobChMIhJ7diN68iAMVERiiAx0LHjHEEAAYASAAEgJMCfD_BwE&gclsrc=aw.ds?full_trSrc=mmm_ava_tst_007_402_a&om_sem_cid=hho_sem_sy:~en-ww_ava_sch_brn_exc_adw_dtp~&utm_source=google&utm_medium=cpc&utm_campaign=en-ww_ava_sch_brn_exc_adw_dtp&gad_source=1&gclid=EAIaIQobChMIhJ7diN68iAMVERiiAx0LHjHEEAAYASAAEgJMCfD_BwE&gclsrc=aw.ds#pc,249584,2024-09-12T06:04:46.819406+05:00,2024-09-12T06:04:50.633875+05:00,application/x-msdownload
C:\Users\Ученик-15\Downloads\whimsical-winter-aesthetic-snowman-wallpaper-to-brighten-your-day_86693871.htm,https://www.google.com/search?sca_esv=601398990&q=%D1%8D%D1%81%D1%82%D0%B5%D1%82%D0%B8%D0%BA%D0%B0+%D0%B7%D0%B8%D0%BC%D1%8B+%D0%BF%D0%B8%D0%BD%D1%82%D0%B5%D1%80%D0%B5%D1%81%D1%82&tbm=isch&source=lnms&prmd=ivsnbmtz&sa=X&ved=2ahUKEwiii6v2xviDAxVxIBAIHSMkBpAQ0pQJegQIERAB&biw=1366&bih=641&dpr=1#imgrc=PPK6rkH6m1Fd9M,247027,2024-01-25T12:37:49.882075+05:00,2024-01-25T12:37:57.086023+05:00,text/html
C:\Users\Ученик-15\Documents\miracle.bmp,https://www.google.com/search?sca_esv=a37b92b02547b255&q=bmw+5+f90&uds=AMwkrPva59fbe4CxYrgyQQRSuqqXfOx7FLYN3J0h4UQRp1fdYwUKRhNQmoQnv02POavSkPodM-XH32AvVmCqIPK4RSApgdzydcg5F0yjQ3LZyfAMym3aYSeliv0G5mz9L3dQgVUbVGgTAm72G2zCPiFwMdAjHbiTU5MrCGQ1sZyjXIolTR4yjyP8LvNBWdZMrCQPZcJjlZgA7B2ZplZy94BFJBmU5ONo3rPz4LUoWzvwBszemSRS8f85q-9hzMqABMSOAoOkIunZg1o-4YdywqB75tjZgDeB22ixb5QmYqbImHz_Zd_khPX3VqP14AkuTs_Ib-KP0UqSAfCb9vpYgaI9Bkmisr9dIg&udm=2&prmd=isvnbmtz&sa=X&ved=2ahUKEwihtbmrsciFAxVRFRAIHfV9DOUQtKgLegQIDhAB&biw=1366&bih=641&dpr=1#vhid=FMEYs3MXxBW6cM&vssid=mosaic,239645,2024-04-17T04:14:14.330457+05:00,2024-04-17T04:14:27.585609+05:00,image/bmp
C:\Users\Ученик-15\Documents\freedexpano_2_3_5\plugins\paper-art-ecology-and-world-water-day-saving-water-and-world-environment-day-environmental-protection-and-save-earth-water-generate-ai_41360197.htm,https://www.google.com/search?q=%D0%BE%D0%BA%D1%80%D1%83%D0%B6%D0%B0%D1%8E%D1%89%D0%B0%D1%8F+%D1%81%D1%80%D0%B5%D0%B4%D0%B0+%D0%BF%D0%B8%D0%BD%D1%82%D0%B5%D1%80%D0%B5%D1%81%D1%82&tbm=isch&ved=2ahUKEwiduMyrlIqEAxXzFRAIHbNXC44Q2-cCegQIABAA&oq=%D0%BE%D0%BA%D1%80%D1%83%D0%B6%D0%B0%D1%8E%D1%89%D0%B0%D1%8F+%D1%81%D1%80%D0%B5%D0%B4%D0%B0+%D0%BF%D0%B8%D0%BD%D1%82%D0%B5%D1%80%D0%B5%D1%81%D1%82&gs_lcp=CgNpbWcQA1CfC1j-IGD8I2gAcAB4AIABAIgBAJIBAJgBAKABAaoBC2d3cy13aXotaW1nwAEB&sclient=img&ei=v5C7Zd3cMvOrwPAPs6-t8Ag&prmd=ivsnbmtz#imgrc=w70orm52i8YPoM,227954,2024-02-01T12:48:07.908988+05:00,2024-02-01T12:48:53.806157+05:00,text/html
C:\Users\Ученик-15\Downloads\Новая папка\almaty (1).jpg,https://www.google.com/search?q=%D1%84%D0%BE%D1%82%D0%BA%D0%B0+%D0%B0%D0%BB%D0%BC%D0%B0%D1%82%D1%8B&oq=&gs_lcrp=EgZjaHJvbWUqCQgAEEUYOxjCAzIJCAAQRRg7GMIDMgkIARBFGDsYwgMyCQgCEEUYOxjCAzIJCAMQRRg7GMIDMgkIBBBFGDsYwgMyCQgFEEUYOxjCAzIJCAYQRRg7GMIDMgkIBxBFGDsYwgPSAQkxMzMzajBqMTWoAgiwAgE&sourceid=chrome&ie=UTF-8#vhid=eI0BAqMkHPfHXM&vssid=l,216656,2024-09-24T12:54:33.97592+05:00,2024-09-24T12:54:42.306983+05:00,image/jpeg
C:\Users\Ученик-15\Downloads\almaty.jpg,https://www.google.com/search?q=%D1%84%D0%BE%D1%82%D0%BA%D0%B0+%D0%B0%D0%BB%D0%BC%D0%B0%D1%82%D1%8B&oq=%D1%84%D0%BE%D1%82%D0%BA%D0%B0+%D0%B0%D0%BB%D0%BC%D0%B0%D1%82%D1%8B&gs_lcrp=EgZjaHJvbWUyCQgAEEUYORiABDIKCAEQABiABBiiBDIKCAIQABiABBiiBDIKCAMQABiABBiiBNIBCjE3OTMxajBqMTWoAgiwAgE&sourceid=chrome&ie=UTF-8#vhid=eI0BAqMkHPfHXM&vssid=l,216656,2024-09-24T12:13:11.728361+05:00,2024-09-24T12:13:21.829438+05:00,image/jpeg
C:\Users\Ученик-15\Downloads\dostoprimechatelnosti-astany-nur-sultana (1).jpg,https://www.google.com/search?sca_esv=de8efa94a8e5fbd0&q=%D0%B0%D1%81%D1%82%D0%B0%D0%BD%D0%B0+%D1%84%D0%BE%D1%82%D0%BE&udm=2&fbs=AEQNm0DDgaHKHmgQPgdfMPlZgxGLH-jmKPlvAIQ2QHEhdqGvcmHTTeB99EpYkXZdnrPP2AAWUOQRtG-6pEUHIEO3nf9Zp0Q5Gc-z2MXY0_BEG2chafV6yWa8GBq2st4oAmtT65rJRF1tmo5s-nWm9oSA-rwdyGLBLMNQ1fxWzfUDDtuF1elmqYmX-WPCDGIn0Qj7ZXWpBsxTTHZYJlXOboN-drtskkr2c6KST55T9D-5ujVW7YTuoVE&sa=X&ved=2ahUKEwjQ5JjQiM-IAxVJJRAIHRKnAoYQtKgLegQIFhAB&biw=1366&bih=641&dpr=1#vhid=eneBPzJMuftx_M&vssid=mosaic,210784,2024-09-19T13:05:00.667254+05:00,2024-09-19T13:05:19.922811+05:00,image/jpeg
C:\Users\Ученик-15\Downloads\dostoprimechatelnosti-astany-nur-sultana.jpg,https://www.google.com/search?sca_esv=de8efa94a8e5fbd0&q=%D0%B0%D1%81%D1%82%D0%B0%D0%BD%D0%B0+%D1%84%D0%BE%D1%82%D0%BE&udm=2&fbs=AEQNm0DDgaHKHmgQPgdfMPlZgxGLH-jmKPlvAIQ2QHEhdqGvcmHTTeB99EpYkXZdnrPP2AAWUOQRtG-6pEUHIEO3nf9Zp0Q5Gc-z2MXY0_BEG2chafV6yWa8GBq2st4oAmtT65rJRF1tmo5s-nWm9oSA-rwdyGLBLMNQ1fxWzfUDDtuF1elmqYmX-WPCDGIn0Qj7ZXWpBsxTTHZYJlXOboN-drtskkr2c6KST55T9D-5ujVW7YTuoVE&sa=X&ved=2ahUKEwjQ5JjQiM-IAxVJJRAIHRKnAoYQtKgLegQIFhAB&biw=1366&bih=641&dpr=1#vhid=eneBPzJMuftx_M&vssid=mosaic,210784,2024-09-19T13:03:18.407336+05:00,2024-09-19T13:03:28.017913+05:00,image/jpeg
C:\Users\Ученик-15\Downloads\Без названия.bmp,https://www.online-convert.com/ru/result#j=7ae3b5d0-4949-42fc-bf2c-ea8e5832ab27,201438,2024-04-24T07:47:53.129082+05:00,2024-04-24T07:47:53.497252+05:00,image/bmp
C:\Users\Ученик-15\Downloads\VEXcode Project-Screenshot.png,https://vr.vex.com/,176265,2023-12-11T08:40:26.819631+05:00,2023-12-11T08:40:27.095358+05:00,image/png
C:\Users\Ученик-15\Downloads\ббб.jpg,https://www.google.com/search?sca_esv=7a62721d04cc7873&q=%D0%B3%D0%B4%D0%B5+%D0%BD%D0%B0%D1%85%D0%BE%D0%B4%D0%B8%D1%82%D1%81%D1%8F+%D0%BE%D0%B7%D0%B5%D1%80%D0%BE+%D0%BA%D0%B0%D0%B8%D0%BD%D0%B4%D1%8B&udm=2&fbs=AEQNm0DhFfduyYswudF_i6zW3VGl3vo6d87UUkY8Ax77X5TEy55ck7xDm660t4LZlM3sU6eWpayXZXoBTRH-V7EKkX0HRS-l9M96EbJxZY10IYU-2seYZ890RdViAFWuqSSAIaXOJPhmHn5xc_O0kzy-sp4U_QqWYxrZf6hevcmm54gy9L1CEZaEl3hYTYPXr9Y_S6ozv5CG_c6JDOlT83QXQJWh8Rv9dWf9V9GbjKlMtwrBgHKPhis&sa=X&ved=2ahUKEwjtzovP09aJAxWKHRAIHW9COz0QtKgLegQIEhAB&biw=1366&bih=600&dpr=1#vhid=Dm__gqgdWPYABM&vssid=mosaic,174852,2024-11-12T11:15:15.194062+05:00,2024-11-12T11:15:30.92213+05:00,image/jpeg
C:\Users\Ученик-15\Downloads\Новая папка\moj-dom-moya-rodina.html,https://www.google.com/search?sca_esv=4e0a2782dc01dd0c&q=%D0%BC%D0%BE%D1%8F+%D0%A0%D0%BE%D0%B4%D0%B8%D0%BD%D0%B0&udm=2&fbs=AEQNm0DpvuYEwHLg4ukM13djj3L-RuaY_6pr9WXl7lY_FI4HnBysgQjdnG3WgVtSLMmstsbZYmkFl7liwFRRKelQtHs1Md_mSwm2TRkL__xMgNlRNezYy6t_55MnZg0QWUk6ZZxrLPoGzvfUYYLtV5jTwFJWMedF950M7mJzbvAAPp1rYHtXCl6G5MxFii0dSUR6a1mczLYSpZolFPmWgLW5YiWWrPWzya4sdR2Dhn3f0_zudubwM5E&sa=X&ved=2ahUKEwic1a257N-IAxWUBhAIHRSdNp8QtKgLegQIDxAB&biw=1366&bih=641&dpr=1#vhid=wti-7xWh73SH4M&vssid=mosaic,167091,2024-09-26T05:12:17.03692+05:00,2024-09-26T05:12:21.400029+05:00,text/html
C:\Users\Ученик-15\Documents\freedexpano_2_3_5\plugins\pngtree-a-waterfall-in-the-jungle-with-green-leaves-and-water-image_15611057.jpg,https://www.google.com/search?sca_esv=807b745412b14cf8&q=%D0%BA%D0%B0%D1%80%D1%82%D0%B8%D0%BD%D0%BA%D0%B8+%D1%81%D0%B2%D1%8F%D0%B7%D0%B0%D0%BD%D0%BD%D1%8B%D0%B5+%D1%81+%D0%B2%D0%BE%D0%B4%D0%BE%D0%B9&uds=AMwkrPu0dWBG8DSyeWEHkbA6bY-4TUD22Pw82dzCXi-KBOH9z6nmITP1z76ABT7fdaHuHh6iG4gzHNtTHTRJpF1d5Oqi6ElTelKxQjqOKcISReqN_YnnELeCK6xcZdapCSuYIWUtdcnkOqki556JSUFQdZZlNpo4kFIP_lwiF-lK606ogJXLQXYfH9QpA8k7669LiwUr5ij72C_Wt6fi-xsxQDqlVrzbij8Jv07zRtbfgErGDBZU7_lCJnCIJUmvuDAWwQRjM8ZT_NUip-b0PWX8-8-kRwAVqoceSiAnQ_RuerOBtTkAaB8j5G2fSml-NqQyrqoqR7NlnQ6gxLTeJwuC74cq0CEwOvzwgvccgn1iteIgKhBgv518gwZJdWVwh_NsXVb3A_We&udm=2&prmd=isvnbmtz&sa=X&ved=2ahUKEwjMq-Cw4bKFAxXcFBAIHfAeCC4QtKgLegQIDRAB&biw=1366&bih=641&dpr=1#vhid=jdIkfC_lxMtDgM&vssid=mosaic,166748,2024-04-08T13:52:09.353947+05:00,2024-04-08T13:55:03.614921+05:00,image/jpeg
C:\Users\Ученик-15\Documents\моя Родина.html,https://www.google.com/search?sca_esv=4e0a2782dc01dd0c&q=%D0%BC%D0%BE%D1%8F+%D0%A0%D0%BE%D0%B4%D0%B8%D0%BD%D0%B0&udm=2&fbs=AEQNm0DpvuYEwHLg4ukM13djj3L-RuaY_6pr9WXl7lY_FI4HnBysgQjdnG3WgVtSLMmstsbZYmkFl7liwFRRKelQtHs1Md_mSwm2TRkL__xMgNlRNezYy6t_55MnZg0QWUk6ZZxrLPoGzvfUYYLtV5jTwFJWMedF950M7mJzbvAAPp1rYHtXCl6G5MxFii0dSUR6a1mczLYSpZolFPmWgLW5YiWWrPWzya4sdR2Dhn3f0_zudubwM5E&sa=X&ved=2ahUKEwic1a257N-IAxWUBhAIHRSdNp8QtKgLegQIDxAB&biw=1366&bih=641&dpr=1#vhid=wti-7xWh73SH4M&vssid=mosaic,166464,2024-09-26T05:14:06.972997+05:00,2024-09-26T05:14:24.570408+05:00,text/html
C:\Users\Ученик-15\Documents\moj-dom-moya-rodina (1).html,https://www.google.com/search?sca_esv=4e0a2782dc01dd0c&q=%D0%BC%D0%BE%D1%8F+%D0%A0%D0%BE%D0%B4%D0%B8%D0%BD%D0%B0&udm=2&fbs=AEQNm0DpvuYEwHLg4ukM13djj3L-RuaY_6pr9WXl7lY_FI4HnBysgQjdnG3WgVtSLMmstsbZYmkFl7liwFRRKelQtHs1Md_mSwm2TRkL__xMgNlRNezYy6t_55MnZg0QWUk6ZZxrLPoGzvfUYYLtV5jTwFJWMedF950M7mJzbvAAPp1rYHtXCl6G5MxFii0dSUR6a1mczLYSpZolFPmWgLW5YiWWrPWzya4sdR2Dhn3f0_zudubwM5E&sa=X&ved=2ahUKEwic1a257N-IAxWUBhAIHRSdNp8QtKgLegQIDxAB&biw=1366&bih=641&dpr=1#vhid=wti-7xWh73SH4M&vssid=mosaic,165838,2024-09-26T05:13:08.016059+05:00,2024-09-26T05:13:22.200488+05:00,text/html
C:\Users\Ученик-15\Downloads\car-turn-signals_m1s1lseo.mp3,https://zvukipro.com/transport/531-zvuki-legkovogo-avtomobilja.html,155258,2024-02-19T11:14:18.749642+05:00,2024-02-19T11:14:19.752904+05:00,audio/mpeg
C:\Users\Ученик-15\Downloads\иии.jpg,https://www.google.com/search?q=%D0%B1%D0%B0%D0%B9%D1%82%D0%B5%D1%80%D0%B5%D0%BA+%D0%B8%D0%BD%D1%84%D0%BE%D1%80%D0%BC%D0%B0%D1%86%D0%B8%D1%8F&sca_esv=7a62721d04cc7873&udm=2&biw=1366&bih=600&ei=bDozZ5aHK6OGwPAPg9zwqAg&oq=%D0%B1%D0%B0%D0%B9%D1%82%D0%B5%D1%80%D0%B5%D0%BA+%D0%B8%D0%BD&gs_lp=EgNpbWciFdCx0LDQudGC0LXRgNC10Log0LjQvSoCCAEyBRAAGIAEMgUQABiABDIFEAAYgAQyBRAAGIAEMgUQABiABDIFEAAYgAQyBRAAGIAEMgUQABiABDIFEAAYgAQyBRAAGIAESMUwUO4RWLsccAF4AJABAJgBgwGgAcUCqgEDMi4xuAEByAEA-AEBmAIEoALeAsICDRAAGIAEGLEDGEMYigXCAgoQABiABBhDGIoFwgIOEAAYgAQYsQMYgwEYigXCAgYQABgHGB6YAwCIBgGSBwMxLjOgB4IV&sclient=img#vhid=oYn7ETm-3CO-BM&vssid=mosaic,141549,2024-11-12T11:22:46.422766+05:00,2024-11-12T11:22:57.39742+05:00,image/jpeg
C:\Users\Ученик-15\Downloads\S0tSQj4Xq0ink-Fqk5wvibPS7I2fJ2YtYoIpn_JwTTc=.jpg,https://www.google.com/search?sca_esv=658059ba84023065&q=%D0%B4%D0%B8%D0%BD%D0%BE%D0%B7%D0%B0%D0%B2%D1%80&udm=2&fbs=AEQNm0DeRu8nq6zo5eFbBUZ1pIamNJRsMJHE9AHhH_07F561nHCD0LDgVSnSETEGYCkCWegNi8yjMOQBGgI8DgYIdUMkFN60nVF_MWkSc9Qx-arxyt_ACnp8prP1Wb6slj071CBG8d36RdX1ycgftn9dBYnuKDnyf57oO4WlocjT00BaHFd46V4spC5F448fcmd11-PSEzArmafFqxTwx0bVA7d1YJoMEH-QXOMZBtEvkjNBAtIgteQ&sa=X&ved=2ahUKEwiwn4fX2s6IAxWoDRAIHYUbBKEQtKgLegQIEhAB&biw=763&bih=649&dpr=1#vhid=W56PLqxgYx4azM&vssid=mosaic,116386,2024-09-19T09:37:28.668729+05:00,2024-09-19T09:37:32.072498+05:00,image/jpeg
C:\Users\Ученик-15\Downloads\290de7137990cbc9.jpeg,https://www.google.com/search?q=%D1%82%D0%B0%D1%80%D0%B0%D0%B7+%D1%84%D0%BE%D1%82%D0%BE&sca_esv=de8efa94a8e5fbd0&udm=2&biw=1366&bih=641&ei=7x3sZsyUJZ3DwPAP6Kiy4AQ&oq=%D1%82%D0%B0%D1%80%D0%B0%D0%B7&gs_lp=Egxnd3Mtd2l6LXNlcnAiCtGC0LDRgNCw0LcqAggAMgoQABiABBhDGIoFMg0QABiABBixAxhDGIoFMgUQABiABDIKEAAYgAQYQxiKBTIKEAAYgAQYQxiKBTIKEAAYgAQYQxiKBTIFEAAYgAQyChAAGIAEGEMYigUyBRAAGIAEMgUQABiABEiMY1C1DljTSnABeACQAQCYAWigAfMDqgEDMi4zuAEByAEA-AEBmAIFoAKQBKgCAMICCxAAGIAEGLEDGIMBwgIIEAAYgAQYsQPCAg4QABiABBixAxiDARiKBZgDA5IHAzAuNaAHrR4&sclient=gws-wiz-serp#vhid=OnSYqdsy-Q2B4M&vssid=mosaic,109064,2024-09-19T12:50:54.418219+05:00,2024-09-19T12:51:00.755726+05:00,image/jpeg
C:\Users\Ученик-15\Documents\freedexpano_2_3_5\plugins\вода источник жизни.jpg,https://www.google.com/search?sca_esv=1fd21f177eb912ee&q=%D0%92%D0%BE%D0%B4%D0%B0+%D0%B8%D1%81%D1%82%D0%BE%D1%87%D0%BD%D0%B8%D0%BA+%D0%B6%D0%B8%D0%B7%D0%BD%D0%B8+%D1%80%D0%B8%D1%81%D1%83%D0%BD%D0%BE%D0%BA&uds=AMwkrPsBUmP9unmFmWi6_BS7B7mxjTgsq6BC8fbcneSqB8XDc8H2ju6GlFH-Kw811gzWQIWRnoMhHsWwD7s0dMKxjOnWbZI9VchyW05S4HPs-QcGXGARouunx8ihFTA8b6ZPNMrwwo1D8M2ZjUirdol5WDHn1GMr84XMVZkDFszQ0rc76vO5GHz-OZ6FUSKXtFhhcPUl8ypQHCwiPXxQ6XhRINkBXZC3KqmPafVrLrGu5WoGPq0kxAZBNiC1hj_IunnJ2VBM28NYF8tCxE6QWSiF4XZY1YEG-PnTL1Y8wOnbtbtHKCPkFLWmWHiLGwN8QhZuYlEdbHZi9APLxSVHIIdx2hGpZML9IiTssYelJerEoopk4IAz647VLYbPz7Y48we2lb0iLyGo&udm=2&prmd=ivsnbmtz&sa=X&ved=2ahUKEwjS58_eoLWFAxXsJxAIHXCjB_QQtKgLegQIDhAB&biw=1366&bih=641&dpr=1#vhid=r_i-pWIkoxbRbM&vssid=mosaic,106417,2024-04-09T13:39:38.920885+05:00,2024-04-09T13:40:20.008836+05:00,image/jpeg
C:\Users\Ученик-15\Documents\Новая папка\94535-risunok-po-ohrane-prirody.html,https://www.google.com/search?q=%D0%BE%D0%BA%D1%80%D1%83%D0%B6%D0%B0%D1%8E%D1%89%D0%B0%D1%8F+%D1%81%D1%80%D0%B5%D0%B4%D0%B0+%D0%BF%D0%B8%D0%BD%D1%82%D0%B5%D1%80%D0%B5%D1%81%D1%82&tbm=isch&ved=2ahUKEwiduMyrlIqEAxXzFRAIHbNXC44Q2-cCegQIABAA&oq=%D0%BE%D0%BA%D1%80%D1%83%D0%B6%D0%B0%D1%8E%D1%89%D0%B0%D1%8F+%D1%81%D1%80%D0%B5%D0%B4%D0%B0+%D0%BF%D0%B8%D0%BD%D1%82%D0%B5%D1%80%D0%B5%D1%81%D1%82&gs_lcp=CgNpbWcQA1CfC1j-IGD8I2gAcAB4AIABAIgBAJIBAJgBAKABAaoBC2d3cy13aXotaW1nwAEB&sclient=img&ei=v5C7Zd3cMvOrwPAPs6-t8Ag&prmd=ivsnbmtz#imgrc=BhtdVG-0LCUZ3M,99205,2024-02-01T12:40:37.471683+05:00,2024-02-01T12:41:50.364001+05:00,text/html
C:\Users\Ученик-15\Downloads\389fee95eef7ece159dccf16c05b72a5.jpeg,https://www.google.com/search?q=%D0%BA%D0%BE%D0%BD%D0%B0%D0%B5%D0%B2+%D0%B3%D0%BE%D1%80%D0%BE%D0%B4+%D1%84%D0%BE%D1%82%D0%BE&oq=%D0%BA%D0%BE%D0%BD%D0%B0%D0%B5%D0%B2+%D0%B3%D0%BE%D1%80%D0%BE%D0%B4+%D1%84%D0%BE%D1%82%D0%BE&gs_lcrp=EgZjaHJvbWUyBggAEEUYOTIJCAEQABgKGIAEMgoIAhAAGIAEGKIEMgoIAxAAGIAEGKIEMgoIBBAAGIAEGKIEMgoIBRAAGIAEGKIE0gEJNjUyNGowajE1qAIIsAIB&sourceid=chrome&ie=UTF-8#vhid=mr0yM6L8otyprM&vssid=l,97346,2024-09-19T12:11:53.901997+05:00,2024-09-19T12:11:59.252902+05:00,image/jpeg
C:\Users\Ученик-15\Downloads\Без названия.htm,https://www.google.com/search?sca_esv=658059ba84023065&q=%D0%B0%D1%81%D1%82%D0%B0%D0%BD%D0%B0&udm=2&fbs=AEQNm0ASTk_ENKU08fiSGJkIoyDx482RYqi9poZPzBXmAhT39qAQfyoiIIBXqmtfqk2LMkGAuHq3S-IRVWrindP69I0vy4xJYtPVJXKAeLUhZfHO7cSZdI0Hy-CI7p6Ti4z4wsKhPvOgSa_i2Wqhn9-JBPNtCuUsjblCCrjewrKN4x0yIR_gxZnyAqBFaWj4AbEOrnGpCGLrIoVrtczPNeKCCgTJhqG5yMXKw8OmCNBPk5_vm2kbIvY&sa=X&ved=2ahUKEwjf_M3-1c6IAxW3GRAIHU0GGB4QtKgLegQIERAB&biw=1366&bih=641&dpr=1#vhid=dzcTb-AijLgJwM&vssid=mosaic,97217,2024-09-19T09:17:36.992172+05:00,2024-09-19T09:17:50.178974+05:00,text/html
C:\Users\Ученик-15\Downloads\efc6c917d870eb32d142eae1a20ce037.jpg,https://www.google.com/search?q=%D0%BA%D0%B0%D1%80%D1%82%D0%B0+%D0%BA%D0%B0%D0%B7%D0%B0%D1%85%D1%81%D1%82%D0%B0%D0%BD%D0%B0+%D1%84%D0%BE%D1%82%D0%BE&sca_esv=de8efa94a8e5fbd0&ei=tijsZvOuCYqzwPAPsuPkmQw&oq=%D0%BA%D0%B0%D1%80%D1%82%D0%B0+%D0%BA%D0%B0%D0%B7%D0%B0+%D1%84%D0%BE%D1%82%D0%BE&gs_lp=Egxnd3Mtd2l6LXNlcnAiHNC60LDRgNGC0LAg0LrQsNC30LAg0YTQvtGC0L4qAggAMgYQABgHGB4yBhAAGAcYHjIGEAAYBxgeMggQABgFGAcYHjIIEAAYBRgHGB4yCBAAGIAEGKIEMggQABiABBiiBDIIEAAYogQYiQVI_MIBUI4fWJuDAXABeAGQAQCYAYsBoAHaDqoBBDAuMTa4AQHIAQD4AQGYAhGgAtgPwgIKEAAYsAMY1gQYR8ICDRAAGIAEGLADGEMYigXCAg4QABiwAxjkAhjWBNgBAcICExAuGIAEGLADGEMYyAMYigXYAQHCAhkQLhiABBiwAxhDGMcBGMgDGIoFGK8B2AEBwgIKEAAYgAQYQxiKBcICDBAAGIAEGEMYigUYCsICDRAAGIAEGLEDGEMYigXCAgcQABiABBgNwgIIEAAYBxgIGB6YAwCIBgGQBhG6BgYIARABGAmSBwQxLjE2oAfqdA&sclient=gws-wiz-serp#vhid=t70LtkypL0Pe4M&vssid=l,96598,2024-09-19T13:40:19.927311+05:00,2024-09-19T13:40:39.88667+05:00,image/jpeg
C:\Users\Ученик-15\Downloads\карта казахстана.jpg,https://www.google.com/search?q=%D0%BA%D0%B0%D1%80%D1%82%D0%B0+%D0%BA%D0%B0%D0%B7%D0%B0%D1%85%D1%81%D1%82%D0%B0%D0%BD%D0%B0+%D1%84%D0%BE%D1%82%D0%BE&sca_esv=de8efa94a8e5fbd0&ei=tijsZvOuCYqzwPAPsuPkmQw&oq=%D0%BA%D0%B0%D1%80%D1%82%D0%B0+%D0%BA%D0%B0%D0%B7%D0%B0+%D1%84%D0%BE%D1%82%D0%BE&gs_lp=Egxnd3Mtd2l6LXNlcnAiHNC60LDRgNGC0LAg0LrQsNC30LAg0YTQvtGC0L4qAggAMgYQABgHGB4yBhAAGAcYHjIGEAAYBxgeMggQABgFGAcYHjIIEAAYBRgHGB4yCBAAGIAEGKIEMggQABiABBiiBDIIEAAYogQYiQVI_MIBUI4fWJuDAXABeAGQAQCYAYsBoAHaDqoBBDAuMTa4AQHIAQD4AQGYAhGgAtgPwgIKEAAYsAMY1gQYR8ICDRAAGIAEGLADGEMYigXCAg4QABiwAxjkAhjWBNgBAcICExAuGIAEGLADGEMYyAMYigXYAQHCAhkQLhiABBiwAxhDGMcBGMgDGIoFGK8B2AEBwgIKEAAYgAQYQxiKBcICDBAAGIAEGEMYigUYCsICDRAAGIAEGLEDGEMYigXCAgcQABiABBgNwgIIEAAYBxgIGB6YAwCIBgGQBhG6BgYIARABGAmSBwQxLjE2oAfqdA&sclient=gws-wiz-serp#vhid=t70LtkypL0Pe4M&vssid=l,96598,2024-09-19T13:37:08.284734+05:00,2024-09-19T13:38:25.48184+05:00,image/jpeg
C:\Users\Ученик-15\Documents\freedexpano_2_3_5\plugins\майн.jpg,https://www.kt.kz/rus/culture/8_-_-_1377947547.html,95860,2024-03-06T11:29:38.074942+05:00,2024-03-06T11:29:47.002829+05:00,image/jpeg
C:\Users\Ученик-15\Pictures\moya-rodina-kazahstan.jpg,https://www.google.com/search?q=%D0%BC%D0%BE%D1%8F+%D1%80%D0%BE%D0%B4%D0%B8%D0%BD%D0%B0+%D0%BA%D0%B0%D0%B7%D0%B0%D1%85%D1%81%D1%82%D0%B0%D0%BD&sca_esv=4e0a2782dc01dd0c&udm=2&biw=1366&bih=641&ei=Ie_0ZpWmC962wPAPhvbHsQY&oq=%D0%BC%D0%BE%D1%8F+%D1%80%D0%BE%D0%B4%D0%B8%D0%BD%D0%B0&gs_lp=Egxnd3Mtd2l6LXNlcnAiE9C80L7RjyDRgNC-0LTQuNC90LAqAggBMgoQABiABBhDGIoFMgUQABiABDIFEAAYgAQyBRAAGIAEMgUQABiABDIKEAAYgAQYQxiKBTIKEAAYgAQYQxiKBTIFEAAYgAQyBRAAGIAEMgUQABiABEjUE1AAWABwAXgAkAEAmAEAoAEAqgEAuAEByAEAmAIBoAIImAMAiAYBkgcBMaAHAA&sclient=gws-wiz-serp#vhid=8hWFJwW5gajyIM&vssid=mosaic,93090,2024-09-26T05:23:12.928632+05:00,2024-09-26T05:23:23.845221+05:00,image/jpeg
C:\Users\Ученик-15\Downloads\0_3861746a5d24d70fc18a0364104349898831c2ca.webp,https://www.google.com/search?sca_esv=69fb379725caa853&sca_upv=1&q=%D0%B0%D0%BB%D0%BC%D0%B0%D1%82%D1%8B&udm=2&fbs=AEQNm0Ccd8v_pAFtqbsXqQhTSUJjLECeyGbVdpKEfosLXaDZkCe2nQWgj_LOC_lMua_wUo53HmC79o_MNsf9vY-71AWm3JIhE5JZQhdGV3x7hmBx_6ysSCz1tBZGg7mYlMSiVF3YmArbdjY3J3b_4J5h9lsCme-CNPZHuiv-h8duS82MNiNxBBadxvJVpoCP5W4tnOr7nikQMCPR4YoJ-UZ7b8ehgFmq8CTzQUIa7togqb0weqygSV8&sa=X&ved=2ahUKEwiQ88SG9smIAxXbHRAIHXuEFUQQtKgLegQIERAB&biw=1366&bih=641&dpr=1#vhid=7r_j8J5bS5bZgM&vssid=mosaic,85652,2024-09-17T11:58:10.860686+05:00,2024-09-17T11:58:15.846741+05:00,image/webp
C:\Users\Ученик-15\Downloads\АЛМАТЫ.webp,https://www.google.com/search?sca_esv=69fb379725caa853&sca_upv=1&q=%D0%B0%D0%BB%D0%BC%D0%B0%D1%82%D1%8B&udm=2&fbs=AEQNm0Ccd8v_pAFtqbsXqQhTSUJjLECeyGbVdpKEfosLXaDZkCe2nQWgj_LOC_lMua_wUo53HmC79o_MNsf9vY-71AWm3JIhE5JZQhdGV3x7hmBx_6ysSCz1tBZGg7mYlMSiVF3YmArbdjY3J3b_4J5h9lsCme-CNPZHuiv-h8duS82MNiNxBBadxvJVpoCP5W4tnOr7nikQMCPR4YoJ-UZ7b8ehgFmq8CTzQUIa7togqb0weqygSV8&sa=X&ved=2ahUKEwiQ88SG9smIAxXbHRAIHXuEFUQQtKgLegQIERAB&biw=1366&bih=641&dpr=1#vhid=7r_j8J5bS5bZgM&vssid=mosaic,85652,2024-09-17T11:59:35.907791+05:00,2024-09-17T11:59:55.745344+05:00,image/webp
C:\Users\Ученик-15\Downloads\nu-pogodi-souyzmultfilm.jpg,https://www.google.com/search?sca_esv=8f14c8c94b33adc6&q=%D0%BD%D1%83+%D0%BF%D0%BE%D0%B3%D0%BE%D0%B4%D0%B8&uds=AMwkrPtD_Ut96VkJVorlGS6vgSCqz42a4TVdYXyd1rHTlCQjH0NEKtneELGrMtXlsdBaGTeJzbyQP1BDJwOYpDSSjRh5jCdpvQVBTrFS-uH66dDk4oW8WD3ApIzy02w-avNNvepojnY79BzIulrjzuB1I7ETkOOTH-NtyovdT3U9oKcPUsfY8C6jSalrtf3kGKyEhcDaFEmjHl-rZrRsWejIaTKjTFaV-aEvwRAigWYuish2xb1SG6oB1mkSoh7j22PPjgzk_OQF8xwBUCoOxOeuxWBi1CNJyFaP3JZnnFwhfOHBPDrzahBl8929pXiiBqvHggLbYCeO0LJ6jgn8O64kf2C7ANVjUg&udm=2&prmd=ivsnmbtz&sa=X&ved=2ahUKEwjn2IWX6-6FAxUeLRAIHY1ZDgEQtKgLegQIEBAB&biw=820&bih=588&dpr=1#vhid=ll_LMcAf-HhkCM&vssid=mosaic,75795,2024-05-02T11:15:18.003067+05:00,2024-05-02T11:15:26.555081+05:00,image/jpeg
C:\Users\Ученик-15\Downloads\вода.avif,https://rus.azattyq.org/a/32725035.html,63783,2024-04-16T13:52:30.108444+05:00,2024-04-16T13:52:40.647618+05:00,image/avif
C:\Users\Ученик-15\Downloads\caption (1).jpg,https://www.google.com/search?q=%D0%B0%D0%BB%D0%BC%D0%B0%D1%82%D1%8B+%D1%84%D0%BE%D1%82%D0%BE&oq=%D0%B0%D0%BB%D0%BC%D0%B0%D1%82%D1%8B&gs_lcrp=EgZjaHJvbWUqBggCEEUYOzIGCAAQRRg7MgoIARAuGLEDGIAEMgYIAhBFGDsyEwgDEC4YgwEYxwEYsQMY0QMYgAQyCggEEC4YsQMYgAQyCggFEAAYsQMYgAQyDQgGEAAYgwEYsQMYgAQyCggHEAAYsQMYgAQyEwgIEC4YgwEYrwEYxwEYsQMYgATSAQoyNDQ2MmowajE1qAIIsAIB&sourceid=chrome&ie=UTF-8#vhid=J7mHgI8cySTnAM&vssid=l,63063,2024-09-19T13:59:29.159324+05:00,2024-09-19T13:59:34.238174+05:00,image/jpeg
C:\Users\Ученик-15\Downloads\caption (2).jpg,https://www.google.com/search?q=%D0%B0%D0%BB%D0%BC%D0%B0%D1%82%D1%8B+%D1%84%D0%BE%D1%82%D0%BE&oq=&gs_lcrp=EgZjaHJvbWUqCQgBEEUYOxjCAzIJCAAQRRg7GMIDMgkIARBFGDsYwgMyCQgCEEUYOxjCAzIJCAMQRRg7GMIDMgkIBBBFGDsYwgMyCQgFEEUYOxjCAzIJCAYQRRg7GMIDMgkIBxBFGDsYwgPSAQkyMDYwajBqMTWoAgiwAgE&sourceid=chrome&ie=UTF-8#vhid=J7mHgI8cySTnAM&vssid=l,63063,2024-09-19T14:01:08.782339+05:00,2024-09-19T14:01:14.613605+05:00,image/jpeg
C:\Users\Ученик-15\Downloads\caption.jpg,https://www.google.com/search?q=%D0%B0%D0%BB%D0%BC%D0%B0%D1%82%D1%8B+%D1%84%D0%BE%D1%82%D0%BE&sca_esv=426d1894efaa3de5&ei=ExTsZvKCFvXCwPAP1_rd-QY&ved=0ahUKEwiy2NGq_M6IAxV1IRAIHVd9N28Q4dUDCA8&uact=5&oq=%D0%B0%D0%BB%D0%BC%D0%B0%D1%82%D1%8B+%D1%84%D0%BE%D1%82%D0%BE&gs_lp=Egxnd3Mtd2l6LXNlcnAiFdCw0LvQvNCw0YLRiyDRhNC-0YLQvjIFEAAYgAQyBRAAGIAEMgUQABiABDIFEAAYgAQyBRAAGIAEMgUQABiABDIFEAAYgAQyBRAAGIAEMgUQABiABDIFEAAYgARI4jJQiAlYmi5wAXgBkAEAmAF1oAGnBKoBAzAuNbgBA8gBAPgBAZgCBqAC1ATCAgoQABiwAxjWBBhHwgINEAAYgAQYsAMYQxiKBcICDhAAGLADGOQCGNYE2AEBwgITEC4YgAQYsAMYQxjIAxiKBdgBAcICDRAAGIAEGLEDGEMYigXCAgoQABiABBhDGIoFwgIIEAAYgAQYsQPCAgsQABiABBixAxiDAcICERAuGIAEGLEDGIMBGMcBGK8BwgIIEC4YgAQYsQPCAgUQLhiABMICCxAuGIAEGMcBGK8BmAMAiAYBkAYTugYGCAEQARgJkgcDMS41oAf8KA&sclient=gws-wiz-serp#vhid=J7mHgI8cySTnAM&vssid=l,63063,2024-09-19T12:08:15.752171+05:00,2024-09-19T12:08:21.629362+05:00,image/jpeg
C:\Users\Ученик-15\Downloads\алматы,https://www.google.com/search?sca_esv=69fb379725caa853&sca_upv=1&q=%D0%B0%D0%BB%D0%BC%D0%B0%D1%82%D1%8B&udm=2&fbs=AEQNm0Ccd8v_pAFtqbsXqQhTSUJjLECeyGbVdpKEfosLXaDZkCe2nQWgj_LOC_lMua_wUo53HmC79o_MNsf9vY-71AWm3JIhE5JZQhdGV3x7hmBx_6ysSCz1tBZGg7mYlMSiVF3YmArbdjY3J3b_4J5h9lsCme-CNPZHuiv-h8duS82MNiNxBBadxvJVpoCP5W4tnOr7nikQMCPR4YoJ-UZ7b8ehgFmq8CTzQUIa7togqb0weqygSV8&sa=X&ved=2ahUKEwio-8jD-smIAxUHJBAIHdKiKXwQtKgLegQIEBAB&biw=1366&bih=641&dpr=1#vhid=J7mHgI8cySTnAM&vssid=mosaic,63063,2024-09-17T12:17:19.517843+05:00,2024-09-17T12:17:54.390964+05:00,image/jpeg
C:\Users\Ученик-15\Documents\freedexpano_2_3_5\plugins\1201-kakie-strany-otmechayut-nauryz-istoriya-prazdnika.htm,https://www.google.com/search?q=%D0%BD%D0%B0%D1%83%D1%80%D1%8B%D0%B7+%D0%BA%D0%B0%D1%80%D1%82%D0%B8%D0%BD%D0%BA%D0%B8&sca_esv=d1b5aeb9d701f53b&ei=Ys7uZcjwDIDFwPAPyd-B0As&udm=&oq=%D0%9D%D0%B0%D1%83%D1%80%D1%8B%D0%B7+%D0%BA%D0%B0%D1%80%D1%82%D0%B8%D0%BD%D0%BA%D0%B8&gs_lp=Egxnd3Mtd2l6LXNlcnAiHdCd0LDRg9GA0YvQtyDQutCw0YDRgtC40L3QutC4KgIIADIFEAAYgAQyBRAAGIAEMgUQABiABDIFEAAYgAQyBRAAGIAEMgYQABgWGB4yBhAAGBYYHjIGEAAYFhgeMgYQABgWGB4yBhAAGBYYHkiFcFDFCFi1YnACeAGQAQOYAaABoAHTIqoBBDAuMzm4AQHIAQD4AQGYAhKgArkPqAIUwgIKEAAYRxjWBBiwA8ICBxAhGAoYoAHCAgQQIRgKwgIFECEYnwXCAiAQABiABBiKBRjlAhjlAhjqAhi0AhiKAxi3AxjUA9gBAcICFhAuGAMYjwEY5QIY6gIYtAIYjAPYAQLCAhYQABgDGI8BGOUCGOoCGLQCGIwD2AECwgIFEC4YgATCAgsQLhiABBjHARjRA8ICChAAGIAEGIoFGEPCAgoQLhiABBiKBRhDwgIKEC4YQxiABBiKBcICCxAuGK8BGMcBGIAEwgILEC4YgAQYxwEYrwHCAhQQLhiABBiXBRjcBBjeBBjfBNgBA8ICBxAAGIAEGAqYAw2IBgGQBgi6BgQIARgHugYGCAIQARgKugYGCAMQARgUkgcEMi4xNqAHwO4C&sclient=gws-wiz-serp#vhid=LqFjQZe0svhprM&vssid=l,62504,2024-03-11T09:29:48.865226+05:00,2024-03-11T09:29:56.622071+05:00,text/html
C:\Users\Ученик-15\Downloads\14193517_0_0_1920_1080_600x0_80_0_0_b5a7b10d1e2ca957dee9a6de9a024021.jpg.webp,https://ru.sputnik.kz/20200904/monument-bayterek-otkrytie-posetiteli-rezhim-raboty-pravila-14884856.html,56792,2023-12-21T10:27:26.616948+05:00,2023-12-21T10:27:31.676583+05:00,image/webp
C:\Users\Ученик-15\Downloads\ОООО.jpg,https://www.google.com/search?sca_esv=601356795&q=%D0%B7%D0%B8%D0%BC%D0%B0+%D0%BA%D0%B0%D1%80%D1%82%D0%B8%D0%BD%D0%BA%D0%B8&tbm=isch&source=lnms&prmd=ivsnbmtz&sa=X&ved=2ahUKEwjW4p7sl_iDAxWWS_EDHVXyDRsQ0pQJegQIERAB&biw=1366&bih=641&dpr=1#imgrc=WBSGys1ZdchnTM,56671,2024-01-25T09:10:09.327608+05:00,2024-01-25T09:10:41.67311+05:00,image/jpeg
C:\Users\Ученик-15\Downloads\hq720.jpg,https://www.google.com/search?sca_esv=74899351e738f79e&q=%D0%BB%D0%BE%D1%80%D0%B4+spayk+%D1%81%D0%BF%D0%B0%D0%B9%D0%BA+%D1%81%D0%BA%D0%B8%D0%BD%D1%8B&udm=2&uds=AMwkrPva-5lwRYgEq6LRYQ0t97t3E2uTpg6HERKSzs5Vxhao7UfjbwrjvLsAouNBXee7LyMywGv-AvQirmew-Viy0TasNEoFEYlYhcf54j2q_ExWlIB8L6BlPchG3jUq9DsX8APF2lNHfzyFt1uJYYYmbneTH4ygybZGRRj5u0DAi4FFqtqurj4&sa=X&sqi=2&ved=2ahUKEwjS9fOI-eaFAxWZExAIHb5WAngQgIoDKAJ6BAgYEBU&biw=1366&bih=641#imgrc=0b1kEZWmZt1H1M&imgdii=gmCYeaibNk2FzM,47919,2024-04-29T07:57:16.628099+05:00,2024-04-29T07:57:19.424143+05:00,image/jpeg
C:\Users\Ученик-15\Documents\freedexpano_2_3_5\plugins\voda-rodnikov.jpg,https://www.google.com/search?sca_esv=55d6234f4c88031b&q=%D0%B2%D0%BE%D0%B4%D0%B0+%D0%B8%D1%81%D1%82%D0%BE%D1%87%D0%BD%D0%B8%D0%BA+%D0%B6%D0%B8%D0%B7%D0%BD%D0%B8&uds=AMwkrPthmMcTBxwM7MWjIU8L9AnArZHZLm9risTqVMhyvaf6KFSIecWe8ldmiItGLQF_LGKo9QEVkb_9eSeyWi_pHiJ7f5RFF3tTMvcn0b6RsazDY0xn0L8WQcEDMHuF4nkIK-R0zKAjqYDAc3BLDj_tUx9mqGNlLws7aOMaglpVZ8gRHaJmwZ30pzhCafuhc1CO6XbLQ5iy53TdnPu0YcJV5ddPxtA-MsabbZdH8lHAb0YhLHPxUgqzIr0nIM1YhXGU0r_dC-fiPRd6V5_XW4-BV_70km6__h73ChDoenrI0yKoTHufI4QPaCJVt6Vd7_UqAf__aVHyQfGjbjAGPslCPFiKeZWU22SYGhovM9ge11NcFksoNPo&udm=2&prmd=ivsnbmtz&sa=X&sqi=2&ved=2ahUKEwjf0qX4j7KFAxWmHhAIHa7-A2IQtKgLegQIExAB&biw=1366&bih=641&dpr=1#vhid=mwU0kjkVNVGi0M&vssid=mosaic,43585,2024-04-08T07:48:26.965957+05:00,2024-04-08T07:48:30.026878+05:00,image/jpeg
C:\Users\Ученик-15\Downloads\Новая папка\3.gif,https://sample-videos.com/gif/3.gif,40316,2024-09-25T11:25:18.259411+05:00,2024-09-25T11:25:22.19194+05:00,image/gif
C:\Users\Ученик-15\Downloads\сколько воды.png,https://www.google.com/search?sca_esv=a5b03d48c1dcd4f4&q=%D1%81%D0%BA%D0%BE%D0%BB%D1%8C%D0%BA%D0%BE+%D0%BF%D1%80%D0%B5%D1%81%D0%BD%D0%BE%D0%B9+%D0%B2%D0%BE%D0%B4%D1%8B+%D0%BD%D0%B0+%D0%B7%D0%B5%D0%BC%D0%BB%D0%B5&uds=AMwkrPtcWI138swQgGlPEMcCJee5ujDkbzkgEp6Ot7CTzmQoiuXkGJx9AO2OXBGsJ7SNctXG8z7QKWogYr8_o1PKSVGKmayqD1ZHijpMtZgFmUzk1_hCRqiaRjKg352zUHCz5jrL2FeTb-ptBR5BcQgx5r2p-gRtWoSGY9EhK2Qjxg2VeQeIE67VoG8j8BRxStRvq6Nps1G4SM9SYTXimRDHg-gtKAicqBeURnXGx8TwpQsNAMPWISo-sOVKuQOdQqGS_EsdVrvrmhUTgnwKAeXCWvHKjY-mPVvkXVCa24Qf0QbEeK2QOu_NSmC1J8gdWWet6KfWOVSitvAfRzr2BeNWU6YiujAWaLfOPPWZavtf2oSsLWRl2Gpvx_H4S6c-WcV_3ySe-WEI&udm=2&prmd=ivsnbmtz&sa=X&ved=2ahUKEwjmyLbbhbqFAxUCHhAIHTLgDNgQtKgLegQIChAB&biw=1366&bih=641&dpr=1#vhid=wr_TAjMQX4Z8KM&vssid=mosaic,39275,2024-04-11T11:21:54.30974+05:00,2024-04-11T11:22:34.563832+05:00,image/png
C:\Users\Ученик-15\Downloads\e18a6948-a28d-4f1f-8534-700eb96c03d6.jpg.850x445_q82_crop.jpg,https://www.google.com/search?sca_esv=a5b03d48c1dcd4f4&q=%D1%87%D0%B8%D1%81%D1%82%D0%B0%D1%8F+%D0%B2%D0%BE%D0%B4%D0%B0&uds=AMwkrPvtB3ETKEPLHdofdtqIB-YqDBanMYLnunGpHhMDk_mFt2UhlzbZsFmOWhYKZiV0BkPATCy9flSFioRX71SgtVNwl2JrGC9zBtjyF7RyNRPFmtru9-Sj_n26oO-x_FP8fjq_oqbGdd0YZ4Qz6lExAJ4v2JgTpoGOZuol1CzbNcKCBjzGZ-FbwTpSJHJTpA_nXIshDCnaG-IQ57yVmdhDNYLqUsO8USzNsCNZeplhONkGPfuyAVihxsyb6_aXn25fkTUzLYMA-DBz4qN3gWGJyKrT8b9o7HBbXTwqyfqUMru1yDNIl9qZen-VePm1U4uKq8V08RAStL9JSbPw63_zwOWjfys4kg&udm=2&prmd=sivmnbtz&sa=X&sqi=2&ved=2ahUKEwjngqPjg7qFAxUwGxAIHQ01CHAQtKgLegQIDRAB&biw=1366&bih=641&dpr=1#vhid=OChfU6yo-P4yLM&vssid=mosaic,37425,2024-04-11T11:13:23.76144+05:00,2024-04-11T11:13:33.202285+05:00,image/jpeg
C:\Users\Ученик-15\Documents\freedexpano_2_3_5\plugins\logo_big.png,https://www.google.com/search?sca_esv=84c550665db3d809&q=%D0%BA%D0%B0%D0%BA%D0%B8%D0%B5+%D0%B5%D1%81%D1%82%D1%8C+%D1%8D%D0%BB%D0%B5%D0%BA%D1%82%D1%80%D0%BE%D0%BD%D0%BD%D1%8B%D0%B5+%D0%BF%D0%BE%D1%87%D1%82%D1%8B+%D1%80%D0%B0%D0%B1%D0%BE%D1%82%D0%B0%D1%8E%D1%82+%D0%B2+%D0%BA%D0%B0%D0%B7%D0%B0%D1%85%D1%81%D1%82%D0%B0%D0%BD%D0%B5&uds=AMwkrPu0RC7PSBdv5jdpVwXr3T2dFEdIuPicd-YCHBNGc1FYFDT8tgp-iZYIizHL1fKwoVgaWZ8x6vJgmcDIjndoYlsJkpurq0a3azWh2RuMADKoRCMXhz-sFKDoUrH6ONA-U7IVbAuwdAyiVpc5urQ-q3Z8Kc4Am01EC_tOxaDJQznxEbZf7vOGpxJ735GFLwHgJttOjfejFKBOdkrVYirYwzwaQgEPye21m0I-CEr6SNWkZy7iPOYI5cgshjbhV34uGGfXunvuF8HmC61LT9WjJ6y2lEPPsXTTIMMBmT7scbm1IJ2qedLIv1GYv63M0ygKcJgIdAY3iF6DCzbqTstxSAXhR8oMC_bbERoRCBVmlnk_2CL46V8dc0AJlZsg7B2uZQiBPVt0gZpRoBYEN5YmSqCL4TT9zQ&udm=2&prmd=isvnbmtz&sa=X&ved=2ahUKEwiq87-7zqiFAxX-BxAIHW3bDHAQtKgLegQIDBAB&biw=1366&bih=641&dpr=1#vhid=F1kXR-qKIOfLcM&vssid=mosaic,31748,2024-04-04T13:06:43.528594+05:00,2024-04-04T13:06:48.031071+05:00,image/png
C:\Users\Ученик-15\Documents\bater.bmp,https://www.google.com/search?sca_esv=a37b92b02547b255&q=%D0%B1%D0%B0%D0%B1%D0%BE%D1%87%D0%BA%D0%B0+%D0%B2+%D1%84%D0%BE%D1%80%D0%BC%D0%B0%D1%82%D0%B5+bmp&uds=AMwkrPuP6kYPBnb3iYzu1LfLCQ2KAN-3j-s9_AmIallVxK3fXFby0EEsflsOxrvlAnNpFecSz3AClexGfnDdXKmx1Aj1z6CAqskxgY60RppI06EhHMgMTOQ7xIm4U8vLeWK5jaB-frd5Evk1-VeFEmWcaO0IQFoQXB2io4gsqxJVqjsyV8F2X_RqWis7W6iL5-u07Vkwr6-hg7uZkjH_HXVteRWrTPJGTeeyHfDi8scZWZUdow4uiyUb4g3dLHEmeBfQp_Aqa0qQqJkub8a3TyyxDtVaUXqj4bZWDGeyLM217BOPXIr1Sf8OIgfK3ZFhm3wZntDvBHN9WcqUumYCwGmIRrKQXyS8EUsrkA9WoPg4xfqxF5jh42Q&udm=2&prmd=ivsnbmtz&sa=X&ved=2ahUKEwix6bfYr8iFAxVUFRAIHaM3B80QtKgLegQIChAB&biw=1366&bih=641&dpr=1#vhid=5Cs0BxH0iEhIkM&vssid=mosaic,21140,2024-04-17T04:11:05.657207+05:00,2024-04-17T04:11:25.426218+05:00,image/bmp
C:\Users\Ученик-15\Downloads\опиралпрти.jpg,https://www.google.com/search?gs_ssp=eJzj4tTP1TcwqigxKzRg9OK72HBh34W9FzZc2H1hy8VmAJceDaw&q=%D1%80%D0%BE%D0%BD%D0%B0%D0%BB%D0%B4%D1%83&oq=%D1%80%D0%BE%D0%BD%D0%B0%D0%BB&gs_lcrp=EgZjaHJvbWUqCggBEC4YsQMYgAQyBggAEEUYOzIKCAEQLhixAxiABDIGCAIQRRg5Mg0IAxAuGIMBGLEDGIAEMg0IBBAuGIMBGLEDGIAEMg0IBRAuGIMBGLEDGIAEMgYIBhBFGD0yBggHEEUYPdIBCDI5NDNqMGo3qAIAsAIA&sourceid=chrome&ie=UTF-8#vhid=I6aBGLgvsvGpYM&vssid=3981:R10bH4qPc8ikBM,19774,2023-12-26T11:12:38.733254+05:00,2023-12-26T11:12:45.200416+05:00,image/jpeg
C:\Users\Ученик-15\Downloads\middle_601917.jpg,https://www.google.com/search?gs_ssp=eJzj4tTP1TcwqigxKzRg9OK72HBh34W9FzZc2H1hy8VmAJceDaw&q=%D1%80%D0%BE%D0%BD%D0%B0%D0%BB%D0%B4%D1%83&oq=%D1%80%D0%BE%D0%BD%D0%B0%D0%BB&gs_lcrp=EgZjaHJvbWUqCggBEC4YsQMYgAQyBggAEEUYOzIKCAEQLhixAxiABDIGCAIQRRg5Mg0IAxAuGIMBGLEDGIAEMg0IBBAuGIMBGLEDGIAEMg0IBRAuGIMBGLEDGIAEMgYIBhBFGD0yBggHEEUYPdIBCDI5NDNqMGo3qAIAsAIA&sourceid=chrome&ie=UTF-8#vhid=I6aBGLgvsvGpYM&vssid=3981:R10bH4qPc8ikBM,19774,2023-12-26T11:11:50.961782+05:00,2023-12-26T11:11:53.848194+05:00,image/jpeg
C:\Users\Ученик-15\Downloads\Вариант А 8 класс 4 четверть.docx,file:///C:/Users/%D0%A3%D1%87%D0%B5%D0%BD%D0%B8%D0%BA-15/Desktop/%D0%92%D0%B0%D1%80%D0%B8%D0%B0%D0%BD%D1%82%20%D0%90%208%20%D0%BA%D0%BB%D0%B0%D1%81%D1%81%204%20%D1%87%D0%B5%D1%82%D0%B2%D0%B5%D1%80%D1%82%D1%8C.docx,18671,2023-09-11T06:37:05.016206+05:00,2023-09-11T06:37:05.565724+05:00,application/vnd.openxmlformats-officedocument.wordprocessingml.document
C:\Users\Ученик-15\Pictures\бебебебубуб\purple-rose-clip-art-png-image-5a3b8776bfd5c5.4950751415138507427858.jpg,https://www.google.com/search?sca_esv=ce68b03d4bb9be5f&q=%D0%B1%D0%B0%D0%B1%D0%BE%D1%87%D0%BA%D0%B0+%D0%B2+%D1%80%D0%B0%D1%81%D1%88%D0%B8%D1%80%D0%B5%D0%BD%D0%B8%D0%B8+bmp+%D1%81%D0%BA%D0%B0%D1%87%D0%B0%D1%82%D1%8C&uds=AMwkrPt2NsazvX1g3IVvZg-HGurE-uJ8_KP7vE0qUYMmJBqUhelDnTogENlEPNWWc2mPH9ocsYAjnSY7JrU4grnfoBFuf-IN_yLd3SNlpu_xmCf59qYkpdfA17yTcym0BCjMsHyv3Qm9_zuA7lqyenByzSycGBjrBq9MmwSKqyDOpgxGa9VptAjHR1yAVID0s83uTwoiefAFo-KBCHRirXEXjGiCmvCg82UObrv3Prjz9cA5MmUTK0bcFpKsnVbac4MakS18VSenQpMxL95llSGtxyA10xlSEsGMR4HV6UCPx-jtxv4-YlaP-ZE4_Dpx_RnsdBQWPC1bpsGtttsPTG1ouv17fxMqAYgA0QLhTH-yRJXaTg-VLY8-IbyuPPR2bKd0wXJzirA6g8ZKBoh8akbQCkMwRt1ntw&udm=2&prmd=ivsbnmtz&sa=X&ved=2ahUKEwi53MuoqsiFAxXMBBAIHUv0BQcQtKgLegQIDBAB&biw=1366&bih=589&dpr=1#imgrc=sUX_gyNH2di1WM&imgdii=AbNB4imhLHxEjM,17071,2024-04-17T03:43:28.738385+05:00,2024-04-17T03:43:38.263535+05:00,image/jpeg
C:\Users\Ученик-15\Downloads\ЗИМА.jpg,https://www.google.com/search?sca_esv=601356795&q=%D0%B7%D0%B8%D0%BC%D0%B0+%D0%BA%D0%B0%D1%80%D1%82%D0%B8%D0%BD%D0%BA%D0%B8&tbm=isch&source=lnms&prmd=ivsnbmtz&sa=X&ved=2ahUKEwjW4p7sl_iDAxWWS_EDHVXyDRsQ0pQJegQIERAB&biw=1366&bih=641&dpr=1#imgrc=KPc3lG43f8IPlM,16303,2024-01-25T09:06:55.618757+05:00,2024-01-25T09:07:06.780916+05:00,image/jpeg
C:\Users\Ученик-15\Downloads\butterfly-realistic-isolated_1284-3881.avif,https://www.google.com/search?sca_esv=ce68b03d4bb9be5f&q=%D0%B1%D0%B0%D0%B1%D0%BE%D1%87%D0%BA%D0%B0+%D0%B2+%D1%80%D0%B0%D1%81%D1%88%D0%B8%D1%80%D0%B5%D0%BD%D0%B8%D0%B8+bmp+%D1%81%D0%BA%D0%B0%D1%87%D0%B0%D1%82%D1%8C&uds=AMwkrPt2NsazvX1g3IVvZg-HGurE-uJ8_KP7vE0qUYMmJBqUhelDnTogENlEPNWWc2mPH9ocsYAjnSY7JrU4grnfoBFuf-IN_yLd3SNlpu_xmCf59qYkpdfA17yTcym0BCjMsHyv3Qm9_zuA7lqyenByzSycGBjrBq9MmwSKqyDOpgxGa9VptAjHR1yAVID0s83uTwoiefAFo-KBCHRirXEXjGiCmvCg82UObrv3Prjz9cA5MmUTK0bcFpKsnVbac4MakS18VSenQpMxL95llSGtxyA10xlSEsGMR4HV6UCPx-jtxv4-YlaP-ZE4_Dpx_RnsdBQWPC1bpsGtttsPTG1ouv17fxMqAYgA0QLhTH-yRJXaTg-VLY8-IbyuPPR2bKd0wXJzirA6g8ZKBoh8akbQCkMwRt1ntw&udm=2&prmd=ivsbnmtz&sa=X&ved=2ahUKEwi4pbCtqMiFAxWpAxAIHXvbBsAQtKgLegQIDRAB&biw=1366&bih=641&dpr=1#vhid=XnipBas8R5Qa1M&vssid=mosaic,15283,2024-04-17T03:34:05.448296+05:00,2024-04-17T03:34:34.708228+05:00,image/avif
C:\Users\Ученик-15\3D Objects\Новая папка\butterfly-realistic-isolated_1284-3881 (1).avif,https://www.google.com/search?sca_esv=ce68b03d4bb9be5f&q=%D0%B1%D0%B0%D0%B1%D0%BE%D1%87%D0%BA%D0%B0+%D0%B2+%D1%80%D0%B0%D1%81%D1%88%D0%B8%D1%80%D0%B5%D0%BD%D0%B8%D0%B8+bmp+%D1%81%D0%BA%D0%B0%D1%87%D0%B0%D1%82%D1%8C&uds=AMwkrPt2NsazvX1g3IVvZg-HGurE-uJ8_KP7vE0qUYMmJBqUhelDnTogENlEPNWWc2mPH9ocsYAjnSY7JrU4grnfoBFuf-IN_yLd3SNlpu_xmCf59qYkpdfA17yTcym0BCjMsHyv3Qm9_zuA7lqyenByzSycGBjrBq9MmwSKqyDOpgxGa9VptAjHR1yAVID0s83uTwoiefAFo-KBCHRirXEXjGiCmvCg82UObrv3Prjz9cA5MmUTK0bcFpKsnVbac4MakS18VSenQpMxL95llSGtxyA10xlSEsGMR4HV6UCPx-jtxv4-YlaP-ZE4_Dpx_RnsdBQWPC1bpsGtttsPTG1ouv17fxMqAYgA0QLhTH-yRJXaTg-VLY8-IbyuPPR2bKd0wXJzirA6g8ZKBoh8akbQCkMwRt1ntw&udm=2&prmd=ivsbnmtz&sa=X&ved=2ahUKEwi4pbCtqMiFAxWpAxAIHXvbBsAQtKgLegQIDRAB&biw=1366&bih=641&dpr=1#vhid=XnipBas8R5Qa1M&vssid=mosaic,15283,2024-04-17T03:38:13.75374+05:00,2024-04-17T03:38:38.54492+05:00,image/avif
C:\Users\Ученик-15\Downloads\images.jpg,https://www.google.com/search?q=%D1%81%D0%B5%D1%82%D0%B5%D0%B2%D0%BE%D0%B9+%D1%8D%D1%82%D0%B8%D0%BA%D0%B5%D1%82+%D0%BA%D0%BE%D0%B8%D0%BC%D0%B8%D0%BA%D1%81+&sca_esv=708ca891a389fdf3&ei=QWLiZpGBMeHZwPAPzoPa2Ac&ved=0ahUKEwjRpaK-vbyIAxXhLBAIHc6BFnsQ4dUDCA8&uact=5&oq=%D1%81%D0%B5%D1%82%D0%B5%D0%B2%D0%BE%D0%B9+%D1%8D%D1%82%D0%B8%D0%BA%D0%B5%D1%82+%D0%BA%D0%BE%D0%B8%D0%BC%D0%B8%D0%BA%D1%81+&gs_lp=Egxnd3Mtd2l6LXNlcnAiK9GB0LXRgtC10LLQvtC5INGN0YLQuNC60LXRgiDQutC-0LjQvNC40LrRgSAyBhAAGA0YHjIIEAAYogQYiQUyCBAAGIAEGKIEMggQABiiBBiJBUjeQlD0DljrPXADeAGQAQCYAYQBoAH-EqoBBDkuMTS4AQPIAQD4AQGYAhqgAvATqAIUwgIdEAAYgAQYtAIY1AMY5QIYtwMYigUY6gIYigPYAQHCAhAQABgDGLQCGOoCGI8B2AECwgIQEC4YAxi0AhjqAhiPAdgBAsICDhAAGIAEGLEDGIMBGIoFwgILEC4YgAQY0QMYxwHCAggQABiABBixA8ICCxAAGIAEGLEDGIMBwgIOEC4YgAQYsQMYgwEYigXCAgUQABiABMICChAAGIAEGEMYigXCAgUQLhiABMICCxAuGIAEGLEDGIMBwgIREC4YgAQYsQMY0QMYgwEYxwHCAgQQABgDwgIGEAAYFhgewgIIEAAYFhgeGA_CAgUQIRigAZgDDOIDBRIBMSBAugYECAEYB7oGBggCEAEYCpIHBDUuMjGgB6GlAQ&sclient=gws-wiz-serp#vhid=DrSz-9gXRnciLM&vssid=l,14455,2024-09-12T03:39:19.011993+05:00,2024-09-12T03:39:20.567451+05:00,image/jpeg
C:\Users\Ученик-15\Downloads\вирус.jpg,https://www.google.com/search?sca_esv=159f37a1251190f9&q=%D0%B1%D0%B8%D0%BE%D0%BB%D0%BE%D0%B3%D0%B8%D1%87%D0%B5%D1%81%D0%BA%D0%B8%D0%B5+%D0%B8+%D0%BA%D0%BE%D0%BC%D0%BF%D1%8C%D1%8E%D1%82%D0%B5%D1%80%D0%BD%D1%8B%D0%B5+%D0%B2%D0%B8%D1%80%D1%83%D1%81%D1%8B+%D0%BE%D0%B1%D1%89%D0%B8%D0%B5+%D1%81%D0%B2%D0%BE%D0%B9%D1%81%D1%82%D0%B2%D0%B0&udm=2&fbs=AEQNm0Cjmfui-wh8X_MyYW04R9Tp-avGdXS66VfWHWuLRyBARGBwu-djAshuhLT6adiFPEKB591VdoWwwacIXS880fPYs5tEGE2AEN65XkkWnR7n9Yu18-1Cgva3H85HBShPgmeP0RwZtIp9E1-pAFcuep5axp6F1sLCZMEWuRP82dJXZqrYL_H1_dDssdDpvD8UqBsojBf63VqJY9nBRicGo4_cic1opt8qNwU9q6FF8iP5oUJpY7Y&sa=X&ved=2ahUKEwit8b-anf6IAxX_FRAIHftMABQQtKgLegQIExAB&biw=1304&bih=629&dpr=1,13174,2024-10-08T07:12:15.12226+05:00,2024-10-08T07:12:27.344868+05:00,image/jpeg
C:\Users\Ученик-15\Downloads\Без названия.jpg,https://www.google.com/search?sca_esv=72aaa3890415b76e&sca_upv=1&q=%D0%B0%D0%BB%D0%BC%D0%B0%D1%82%D1%8B&udm=2&fbs=AEQNm0Ccd8v_pAFtqbsXqQhTSUJjLECeyGbVdpKEfosLXaDZkCe2nQWgj_LOC_lMua_wUo53HmC79o_MNsf9vY-71AWm3JIhE5JZQhdGV3x7hmBx_6ysSCz1tBZGg7mYlMSiVF3YmArbdjY3J3b_4J5h9lsCme-CNPZHuiv-h8duS82MNiNxBBadxvJVpoCP5W4tnOr7nikQMCPR4YoJ-UZ7b8ehgFmq8CTzQUIa7togqb0weqygSV8&sa=X&ved=2ahUKEwjJzoz0i8qIAxVoJxAIHXVsDbUQtKgLegQIDRAB&biw=1366&bih=641&dpr=1,13040,2024-09-17T13:39:40.777637+05:00,2024-09-17T13:39:49.277515+05:00,image/jpeg
C:\Users\Ученик-15\Downloads\Без названия (1).png,https://www.google.com/search?q=%D0%BA%D0%B0%D0%BA+%D1%81%D0%BF%D0%B0%D1%81%D1%82%D0%B8+%D0%BF%D1%80%D0%B8%D1%80%D0%BE%D0%B4%D1%83+%D1%82%D0%B5%D0%BA%D1%81%D1%82&tbm=isch&ved=2ahUKEwiMvZPol4KEAxVCDhAIHYe3AEoQ2-cCegQIABAA,12913,2024-01-29T08:34:31.989419+05:00,2024-01-29T08:34:38.138853+05:00,image/png
C:\Users\Ученик-15\Downloads\атырау.jpg,https://www.google.com/search?sca_esv=f2fb15e6fa9c5d79&q=%D0%B0%D1%82%D1%8B%D1%80%D0%B0%D1%83&udm=2&fbs=AEQNm0AF0ZmyEEq5LiV3UIGqs_ZUHfhJajw88xb4N04o07Dx15lT2p6qplTX29HtsFjnSS1dak223FDxkujsdm9cwzT9uPHBWpfKjS-yJ4X8mgvu_03h6zujwwFFYUXrMFeVY2R-kW0lXFp2yT3E-UkBflbAQXCxXysf-hDugiT2TK6jt-0KzyhnNe7k6vzPzaSCbi4u14kumoCzSa3gd8vMpsqMyAj3NX5-Tj6-xZwV8wDPc5Bt5qE&sa=X&ved=2ahUKEwjEyNHHn86IAxW8AxAIHSYwNEwQtKgLegQIEBAB&biw=1366&bih=641&dpr=1,10753,2024-09-19T05:13:39.445988+05:00,2024-09-19T05:13:55.145319+05:00,image/jpeg
C:\Users\Ученик-15\Downloads\Без названия (2).jpg,https://www.google.com/search?sca_esv=72aaa3890415b76e&sca_upv=1&q=%D0%B0%D0%BB%D0%BC%D0%B0%D1%82%D1%8B&udm=2&fbs=AEQNm0Ccd8v_pAFtqbsXqQhTSUJjLECeyGbVdpKEfosLXaDZkCe2nQWgj_LOC_lMua_wUo53HmC79o_MNsf9vY-71AWm3JIhE5JZQhdGV3x7hmBx_6ysSCz1tBZGg7mYlMSiVF3YmArbdjY3J3b_4J5h9lsCme-CNPZHuiv-h8duS82MNiNxBBadxvJVpoCP5W4tnOr7nikQMCPR4YoJ-UZ7b8ehgFmq8CTzQUIa7togqb0weqygSV8&sa=X&ved=2ahUKEwjJzoz0i8qIAxVoJxAIHXVsDbUQtKgLegQIDRAB&biw=1366&bih=641&dpr=1,10305,2024-09-17T13:40:41.273447+05:00,2024-09-17T13:40:43.549018+05:00,image/jpeg
C:\Users\Ученик-15\Pictures\meoww.jpg,https://www.google.com/search?sca_esv=d2ba6b5c7e3c259e&q=%D1%84%D0%BE%D1%82%D0%BA%D0%B0+%D0%B0%D0%BB%D0%BC%D0%B0%D1%82%D1%8B&udm=2&fbs=AEQNm0DpvuYEwHLg4ukM13djj3L-RuaY_6pr9WXl7lY_FI4HnBysgQjdnG3WgVtSLMmstsbZYmkFl7liwFRRKelQtHs1Md_mSwm2TRkL__xMgNlRNezYy6t_55MnZg0QWUk6ZZxrLPoGzvfUYYLtV5jTwFJWMedF950M7mJzbvAAPp1rYHtXCl6G5MxFii0dSUR6a1mczLYSpZolFPmWgLW5YiWWrPWzya4sdR2Dhn3f0_zudubwM5E&sa=X&ved=2ahUKEwj52fa21OCIAxWFPhAIHbZEAMgQtKgLegQICBAB&biw=1366&bih=641&dpr=1,9878,2024-09-26T12:57:23.091039+05:00,2024-09-26T12:58:12.942531+05:00,image/jpeg
C:\Users\Ученик-15\Downloads\Без названия (1).jpg,https://www.google.com/search?sca_esv=72aaa3890415b76e&sca_upv=1&q=%D0%B0%D0%BB%D0%BC%D0%B0%D1%82%D1%8B&udm=2&fbs=AEQNm0Ccd8v_pAFtqbsXqQhTSUJjLECeyGbVdpKEfosLXaDZkCe2nQWgj_LOC_lMua_wUo53HmC79o_MNsf9vY-71AWm3JIhE5JZQhdGV3x7hmBx_6ysSCz1tBZGg7mYlMSiVF3YmArbdjY3J3b_4J5h9lsCme-CNPZHuiv-h8duS82MNiNxBBadxvJVpoCP5W4tnOr7nikQMCPR4YoJ-UZ7b8ehgFmq8CTzQUIa7togqb0weqygSV8&sa=X&ved=2ahUKEwjJzoz0i8qIAxVoJxAIHXVsDbUQtKgLegQIDRAB&biw=1366&bih=641&dpr=1,9032,2024-09-17T13:40:05.761499+05:00,2024-09-17T13:40:08.132369+05:00,image/jpeg
C:\Users\Ученик-15\Downloads\ААА.jpg,https://www.google.com/search?q=%D1%8D%D1%81%D1%82%D0%B5%D1%82%D0%B8%D0%BA%D0%B0+%D0%B7%D0%B8%D0%BC%D1%8B+%D1%84%D0%BE%D1%82%D0%BE&sca_esv=601356795&ei=hSeyZbrNI_L-wPAPgNe8UA&udm=&oq=%D1%8D%D1%81%D1%82%D0%B5%D1%82%D0%B8%D0%BA%D0%B0+%D0%B7%D0%B8%D0%BC%D1%8B+&gs_lp=Egxnd3Mtd2l6LXNlcnAiGtGN0YHRgtC10YLQuNC60LAg0LfQuNC80YsgKgIIAzIKEAAYgAQYigUYQzIFEAAYgAQyBRAAGIAEMgUQABiABDIFEAAYgAQyBRAAGIAEMgUQABiABDIFEAAYgAQyBhAAGBYYHkjsJlAAWNQKcAB4AZABAJgBzwGgAfIJqgEFMC44LjG4AQHIAQD4AQHiAwQYACBB&sclient=gws-wiz-serp#vhid=Xakc8PGqplAXoM&vssid=l,8954,2024-01-25T09:19:34.646596+05:00,2024-01-25T09:19:43.815549+05:00,image/jpeg
C:\Users\Ученик-15\Downloads\bater.bmp,https://www.google.com/search?sca_esv=a37b92b02547b255&q=%D0%B1%D0%B0%D0%B1%D0%BE%D1%87%D0%BA%D0%B0+%D0%B2+%D1%84%D0%BE%D1%80%D0%BC%D0%B0%D1%82%D0%B5+bmp&uds=AMwkrPuP6kYPBnb3iYzu1LfLCQ2KAN-3j-s9_AmIallVxK3fXFby0EEsflsOxrvlAnNpFecSz3AClexGfnDdXKmx1Aj1z6CAqskxgY60RppI06EhHMgMTOQ7xIm4U8vLeWK5jaB-frd5Evk1-VeFEmWcaO0IQFoQXB2io4gsqxJVqjsyV8F2X_RqWis7W6iL5-u07Vkwr6-hg7uZkjH_HXVteRWrTPJGTeeyHfDi8scZWZUdow4uiyUb4g3dLHEmeBfQp_Aqa0qQqJkub8a3TyyxDtVaUXqj4bZWDGeyLM217BOPXIr1Sf8OIgfK3ZFhm3wZntDvBHN9WcqUumYCwGmIRrKQXyS8EUsrkA9WoPg4xfqxF5jh42Q&udm=2&prmd=ivsnbmtz&sa=X&ved=2ahUKEwix6bfYr8iFAxVUFRAIHaM3B80QtKgLegQIChAB&biw=1366&bih=641&dpr=1,8444,2024-04-17T04:06:43.687572+05:00,2024-04-17T04:07:22.769622+05:00,image/bmp
C:\Users\Ученик-15\Downloads\Без названия (3).jpg,https://www.google.com/search?q=%D0%BA%D0%BE%D0%BD%D0%B0%D0%B5%D0%B2+%D1%84%D0%BE%D1%82%D0%BE&sca_esv=426d1894efaa3de5&ei=SRTsZqW2GNK9wPAPo--rkQs&oq=%D0%BA%D0%BE%D0%BD%D0%B0%D0%B5%D0%B2+&gs_lp=Egxnd3Mtd2l6LXNlcnAiDdC60L7QvdCw0LXQsiAqAggDMgoQLhiABBixAxgKMgcQABiABBgKMgsQLhiABBjHARivATIKEAAYgAQYQxiKBTIFEAAYgAQyBRAAGIAEMgUQABiABDIFEAAYgAQyCxAuGIAEGMcBGK8BMgUQABiABEjXRVCOB1i0NHACeACQAQOYAYYBoAGqE6oBBDEuMjC4AQHIAQD4AQGYAg2gArAbqAIKwgIIEAAYgAQYsAPCAgkQABiwAxgIGB7CAgYQABgWGB7CAggQABiABBiiBMICFhAAGAMYtAIY5QIY6gIYjAMYjwHYAQHCAgsQABiABBixAxiDAcICCBAAGIAEGLEDwgIREC4YgAQYsQMY0QMYgwEYxwHCAgsQLhiABBixAxiDAcICDhAuGIAEGLEDGIMBGIoFwgIFEC4YgATCAhAQABiABBixAxhDGIMBGIoFwgIQEC4YgAQYQxjHARiKBRivAcICBxAuGIAEGArCAhkQLhiABBixAxgKGJcFGNwEGN4EGOAE2AECmAMGiAYBkAYCugYECAEYCroGBggCEAEYFJIHCDIuMTAuOC0xoAfz3QE&sclient=gws-wiz-serp#vhid=mr0yM6L8otyprM&vssid=l,7595,2024-09-19T12:09:18.919795+05:00,2024-09-19T12:09:23.715128+05:00,image/jpeg
C:\Users\Ученик-15\Downloads\байтерееееек.jpg,https://www.google.com/search?q=%D0%B1%D0%B0%D0%B9%D1%82%D0%B5%D1%80%D0%B5%D0%BA&sca_esv=592185140&tbm=isch&source=lnms&sa=X&ved=2ahUKEwjy8OH1w5uDAxUbJxAIHTFBDiIQ_AUoAXoECAMQAw&biw=1366&bih=641&dpr=1#imgrc=DthV3xUDYGEvZM,7399,2023-12-19T12:47:34.182137+05:00,2023-12-19T12:47:50.797263+05:00,image/jpeg
C:\Users\Ученик-15\Downloads\Байтерек.jpg,https://www.google.com/search?q=%D0%B1%D0%B0%D0%B9%D1%82%D0%B5%D1%80%D0%B5%D0%BA&sca_esv=592784688&tbm=isch&source=lnms&sa=X&ved=2ahUKEwjHo6C3paCDAxVgAxAIHa6EB5UQ_AUoAXoECAIQAw#imgrc=AXjervgHg46lXM,7248,2023-12-21T10:13:02.396972+05:00,2023-12-21T10:13:36.237297+05:00,image/jpeg
C:\Users\Ученик-15\Documents\freedexpano_2_3_5\plugins\иайн.jpg,https://www.google.com/search?sca_esv=06eaa6fe2699486c&q=%D0%B8%D0%B3%D1%80%D1%8B+%D0%BE%D0%BD%D0%BB%D0%B0%D0%B9%D0%BD&tbm=isch&source=lnms&sa=X&ved=2ahUKEwjrr5q-wZuEAxXvIRAIHRMDDEQQ0pQJegQIPhAB&biw=1330&bih=639&dpr=1,5868,2024-02-08T10:16:26.304466+05:00,2024-02-08T10:16:43.567754+05:00,image/jpeg
C:\Users\Ученик-15\Downloads\пирамида Астана.jpg,https://www.google.com/search?q=%D0%B0%D1%81%D1%82%D0%B0%D0%BD%D0%B0+%D0%BF%D0%B8%D1%80%D0%B0%D0%BC%D0%B8%D0%B4%D0%B0&sca_esv=592784688&tbm=isch&source=lnms&sa=X&ved=2ahUKEwie-oKapKCDAxWvPhAIHWLnDJoQ_AUoAXoECAQQAw&biw=1366&bih=641&dpr=1,5855,2023-12-21T10:08:21.305122+05:00,2023-12-21T10:08:54.466815+05:00,image/jpeg
C:\Users\Ученик-15\Downloads\imagesьдтжщ.jpg,https://www.google.com/search?q=%D1%80%D0%BE%D0%BD%D0%B0%D0%BB%D0%B4%D1%83+%D0%B1%D0%B5%D0%B7+%D1%84%D0%BE%D0%BD%D0%B0+%D1%81%D0%B7%D0%B0%D0%B4%D0%B8+%D1%84%D0%BE%D1%82%D0%BE&sca_esv=593744898&ei=4rSKZYekGv7bwPAPlaG-4AM&oq=%D1%80%D0%BE%D0%BD%D0%B0%D0%BB%D0%B4%D1%83+%D0%B1%D0%B5%D0%B7+%D1%84%D0%BE%D0%BD%D0%B0+%D1%81%D0%B7%D0%B0%D0%B4%D0%B8+&gs_lp=Egxnd3Mtd2l6LXNlcnAiKtGA0L7QvdCw0LvQtNGDINCx0LXQtyDRhNC-0L3QsCDRgdC30LDQtNC4ICoCCAAyBRAhGKABMgUQIRigATIFECEYoAEyBRAhGKABSIU-UO8EWNYwcAF4AZABAJgB2gGgAfoSqgEGMC4xNS4xuAEByAEA-AEBwgIKEAAYRxjWBBiwA8ICDRAAGIAEGIoFGEMYsAPCAg8QABiABBiKBRhDGLADGArCAg4QABjkAhjWBBiwA9gBAcICExAuGIAEGIoFGEMYyAMYsAPYAQLCAggQABiABBixA8ICBRAuGIAEwgIFEAAYgATCAgcQABiABBgKwgIGEAAYFhgewgIHECEYoAEYCsICCBAAGIAEGKIE4gMEGAAgQYgGAZAGE7oGBggBEAEYCboGBggCEAEYCA&sclient=gws-wiz-serp#vhid=K4F9V8Ff3udIbM&vssid=l,5664,2023-12-26T11:14:30.381349+05:00,2023-12-26T11:14:33.794723+05:00,image/jpeg
C:\Users\Ученик-15\Downloads\Без названия.png,https://www.google.com/search?q=%D0%A0%D0%9E%D0%91%D0%9B%D0%9E%D0%9A%D0%A1+%D0%98%D0%93%D0%A0%D0%90%D0%A2%D0%AC&oq=%D0%A0%D0%9E%D0%91%D0%9B%D0%9E%D0%9A%D0%A1+%D0%98%D0%93%D0%A0%D0%90%D0%A2%D0%AC&aqs=chrome..69i57.7302j0j15&sourceid=chrome&ie=UTF-8,2763,2023-11-20T12:58:19.503122+05:00,2023-11-20T12:58:21.771163+05:00,image/png
C:\Users\Ученик-15\Downloads\АЛМАТЫ ТОП.htm,https://www.google.com/search?sca_esv=69fb379725caa853&sca_upv=1&q=%D0%B0%D0%BB%D0%BC%D0%B0%D1%82%D1%8B&udm=2&fbs=AEQNm0Ccd8v_pAFtqbsXqQhTSUJjLECeyGbVdpKEfosLXaDZkCe2nQWgj_LOC_lMua_wUo53HmC79o_MNsf9vY-71AWm3JIhE5JZQhdGV3x7hmBx_6ysSCz1tBZGg7mYlMSiVF3YmArbdjY3J3b_4J5h9lsCme-CNPZHuiv-h8duS82MNiNxBBadxvJVpoCP5W4tnOr7nikQMCPR4YoJ-UZ7b8ehgFmq8CTzQUIa7togqb0weqygSV8&sa=X&ved=2ahUKEwiQ88SG9smIAxXbHRAIHXuEFUQQtKgLegQIERAB&biw=1366&bih=641&dpr=1#vhid=2JCMUmDVz6j6vM&vssid=mosaic,1778,2024-09-17T12:01:42.526985+05:00,2024-09-17T12:02:12.647484+05:00,text/html
C:\Users\Ученик-15\Documents\freedexpano_2_3_5\plugins\видео наурыз ютуб скачать бесплатно - Поиск в Google.html,https://www.google.com/search?q=%D0%B2%D0%B8%D0%B4%D0%B5%D0%BE+%D0%BD%D0%B0%D1%83%D1%80%D1%8B%D0%B7+%D1%8E%D1%82%D1%83%D0%B1+%D1%81%D0%BA%D0%B0%D1%87%D0%B0%D1%82%D1%8C+%D0%B1%D0%B5%D1%81%D0%BF%D0%BB%D0%B0%D1%82%D0%BD%D0%BE&sca_esv=f651d40197dd598b&biw=1366&bih=641&tbm=vid&ei=B_LuZd_UBb-HwPAP39-AiA8&udm=&oq=%D0%B2%D0%B8%D0%B4%D0%B5%D0%BE+%D0%BD%D0%B0%D1%83%D1%80%D1%8B%D0%B7+%D1%8E%D1%82%D1%83%D0%B1+%D1%81%D0%BA%D0%B0%D1%87%D0%B0%D1%82%D1%8C&gs_lp=Eg1nd3Mtd2l6LXZpZGVvIi_QstC40LTQtdC-INC90LDRg9GA0YvQtyDRjtGC0YPQsSDRgdC60LDRh9Cw0YLRjCoCCAAyBRAhGKABMgUQIRigATIFECEYnwVI_kBQxAlYpjFwAXgAkAEAmAG9AaAB7wqqAQQwLjEwuAEByAEA-AEBmAILoAKVC8ICBxAhGAoYoAGYAwCIBgGSBwQxLjEwoAfEKw&sclient=gws-wiz-video,35,2024-03-11T11:59:29.05222+05:00,2024-03-11T11:59:37.956982+05:00,text/html
